du_an,price_VND,location,status,area,price_m2,toilet,room,doc,type,Số tầng,furnishing
,2.9,"Dân sinh, Xã Tiền Phong, Huyện Mê Linh, Hà Nội",,65.0,44.62,,,Đã có sổ,Đất thổ cư,,
,0.45,"Thanh Hà, Xã An Phú, Huyện Mỹ Đức, Hà Nội",,165.0,2.73,,,Đã có sổ,Đất thổ cư,,
,4.9,"Apphan Hoà Thạch, Xã Hòa Thạch, Huyện Quốc Oai, Hà Nội",,140.0,35.0,,,Đã có sổ,Đất thổ cư,,
,12.0,"TĐC Thạch Bàn, Phường Thạch Bàn, Quận Long Biên, Hà Nội",,60.0,200.0,,,Đã có sổ,Đất thổ cư,,
,7.4,"Đông Cựu, Xã Đông Sơn, Huyện Chương Mỹ, Hà Nội",,641.5,11.54,,,Đã có sổ,Đất thổ cư,,
,3.7,"không rõ, Xã Minh Quang, Huyện Ba Vì, Hà Nội",,1120.0,3.3,,,Đã có sổ,Đất thổ cư,,
,7.672,"An Đà, Xã Đặng Xá, Huyện Gia Lâm, Hà Nội",,83.4,91.99,,,Đã có sổ,Đất thổ cư,,
,14.5,"Đường Bát Khối, Phường Cự Khối, Quận Long Biên, Hà Nội",,105.0,138.1,,,Đã có sổ,Đất thổ cư,,
,12.0,"Xuân Đỉnh, Phường Xuân Đỉnh, Quận Bắc Từ Liêm, Hà Nội",,80.0,150.0,,,Đã có sổ,Đất thổ cư,,
,10.45,"Đường Bát Khối, Phường Cự Khối, Quận Long Biên, Hà Nội",,65.0,160.77,,,Đã có sổ,Đất thổ cư,,
,2.0,"Đường Tả Đáy, Phường Đồng Mai, Quận Hà Đông, Hà Nội",,30.0,66.67,,,Đã có sổ,Đất thổ cư,,
,7.82,"Hồ Ba Mẫu, Phường Phương Liên, Quận Đống Đa, Hà Nội",,58.0,134.83,,,Đã có sổ,Đất thổ cư,,
,14.6,"Phố Trạm, Phường Long Biên, Quận Long Biên, Hà Nội",,100.0,146.0,,,Đã có sổ,Đất thổ cư,,
,2.35,"Liên Xã , Xã Nam Phương Tiến, Huyện Chương Mỹ, Hà Nội",,150.0,15.67,,,Đã có sổ,Đất thổ cư,,
,8.8,"Đường Ngọc Thụy, Phường Ngọc Thụy, Quận Long Biên, Hà Nội",,60.0,146.67,,,Đã có sổ,Đất thổ cư,,
,4.67,"Hẻm 16, ngách 14, ngõ 119, Đường Dương Quang, Xã Dương Xá, Huyện Gia Lâm, Hà Nội",,97.3,48.0,,,Đã có sổ,Đất thổ cư,,
,3.55,"20, Ngõ 2, Xã Tiên Dương, Huyện Đông Anh, Hà Nội",,37.2,95.43,,,Đã có sổ,Đất thổ cư,,
,17.0,"Ngõ 521 Đường Nguyễn Trãi, Phường Thanh Xuân Nam, Quận Thanh Xuân, Hà Nội",,56.1,303.03,,,Đã có sổ,Đất thổ cư,,
,1.0,"Hoà Lạc, Thị trấn Trạm Trôi, Huyện Hoài Đức, Hà Nội",,73.0,13.7,,,Đã có sổ,Đất thổ cư,,
,3.6,Thôn Yên Thái,,360.0,10.0,,,Đã có sổ,Đất thổ cư,,
,7.7,"DH01, Xã Hòa Thạch, Huyện Quốc Oai, Hà Nội",,1135.0,6.78,,,Đã có sổ,Đất thổ cư,,
,5.5,"Đường Nguyễn Khoái, Phường Lĩnh Nam, Quận Hoàng Mai, Hà Nội",,48.3,113.87,,,Đã có sổ,Đất thổ cư,,
,2.408,"Triều Đông, Xã Cổ Đông, Thị xã Sơn Tây, Hà Nội",,111.0,21.69,,,Đã có sổ,Đất thổ cư,,
,4.1,"Đường, Xã Sơn Đông, Thị xã Sơn Tây, Hà Nội",,262.0,15.65,,,Đã có sổ,Đất thổ cư,,
,30.5,"Đường Bắc Cầu, Phường Ngọc Thụy, Quận Long Biên, Hà Nội",,637.0,47.88,,,Đã có sổ,Đất thổ cư,,
,1.75,"Đường tỉnh 420, Xã Bình Yên, Huyện Thạch Thất, Hà Nội",,61.0,28.69,,,Đã có sổ,Đất thổ cư,,
,0.8,"Thôn Nhòn, Xã Tiến Xuân, Huyện Thạch Thất, Hà Nội",,80.0,10.0,,,Đã có sổ,Đất thổ cư,,
,1.98,"đại lộ thăng long, Xã Phú Cát, Huyện Quốc Oai, Hà Nội",,64.0,30.94,,,Đã có sổ,Đất thổ cư,,
,30.0,"Phố Trịnh Đình Cửu, Phường Định Công, Quận Hoàng Mai, Hà Nội",,104.0,288.46,,,Đã có sổ,Đất thổ cư,,
,3.6,"Phố Bùi Xương Trạch, Phường Khương Đình, Quận Thanh Xuân, Hà Nội",,92.0,39.13,,,Giấy tờ viết tay,Đất nông nghiệp,,
,1.2,"Quang Lãng, Xã Quang Lãng, Huyện Phú Xuyên, Hà Nội",,103.0,11.65,,,Đã có sổ,Đất thổ cư,,
,11.7,"Đường Hòa Bình, Phường Yên Nghĩa, Quận Hà Đông, Hà Nội",,305.4,38.31,,,Đã có sổ,Đất thổ cư,,
,2.85,"Cienco, Xã Phú Túc, Huyện Phú Xuyên, Hà Nội",,145.0,19.66,,,Đã có sổ,Đất thổ cư,,
,5.0,"Đường Ngọc Hồi, Phường Hoàng Liệt, Quận Hoàng Mai, Hà Nội",,55.0,90.91,,,Đã có sổ,Đất thổ cư,,
,3.6,"Phố Đại Từ, Phường Đại Kim, Quận Hoàng Mai, Hà Nội",,42.0,85.71,,,Đã có sổ,Đất thổ cư,,
,2.35,"Đồng Mai, Phường Biên Giang, Quận Hà Đông, Hà Nội",,32.0,73.44,,,Đã có sổ,Đất thổ cư,,
,5.0,"Đường Ỷ Lan, Xã Đặng Xá, Huyện Gia Lâm, Hà Nội",,65.0,76.92,,,Đã có sổ,Đất thổ cư,,
,4.25,"Đường Kim Lan, Xã Kim Lan, Huyện Gia Lâm, Hà Nội",,88.0,48.3,,,Đã có sổ,Đất thổ cư,,
,1.95,"Tỉnh Lộ 419, Xã Quảng Bị, Huyện Chương Mỹ, Hà Nội",,68.0,28.68,,,Đã có sổ,Đất thổ cư,,
,2.6,"Thôn 3 Vạn Phúc, Xã Vạn Phúc, Huyện Thanh Trì, Hà Nội",,41.0,63.41,,,Đã có sổ,Đất thổ cư,,
,2.65,"Phố Yên Lộ, Phường Yên Nghĩa, Quận Hà Đông, Hà Nội",,34.0,77.94,,,Đã có sổ,Đất thổ cư,,
,2.75,"Viên Nội, Xã Vân Nội, Huyện Đông Anh, Hà Nội",,48.0,57.29,,,Đã có sổ,Đất thổ cư,,
,1.56,"Mai Xá, Xã Thắng Lợi, Huyện Thường Tín, Hà Nội",,56.0,27.86,,,Đã có sổ,Đất thổ cư,,
,7.4,"Đường Lê Trọng Tấn, Phường La Khê, Quận Hà Đông, Hà Nội",,40.0,185.0,,,Đã có sổ,Đất thổ cư,,
,7.7,"Đường Vạn Phúc, Phường Vạn Phúc, Quận Hà Đông, Hà Nội",,52.0,148.08,,,Đã có sổ,Đất thổ cư,,
,7.2,"Đường Khu Liền Kề 14, Phường La Khê, Quận Hà Đông, Hà Nội",,36.0,200.0,,,Đã có sổ,Đất thổ cư,,
,0.9,"Đường DH08, Xã Sài Sơn, Huyện Quốc Oai, Hà Nội",,371.0,2.43,,,Đã có sổ,Đất nông nghiệp,,
,11.5,"Phố Nguyễn Thời Trung, Phường Thạch Bàn, Quận Long Biên, Hà Nội",,58.0,198.28,,,Đã có sổ,Đất nền dự án,,
,5.3,"Long châu tiên dược Sóc Sơn , Xã Tiên Dược, Huyện Sóc Sơn, Hà Nội",,105.0,50.48,,,Giấy tờ viết tay,Đất nông nghiệp,,
Thanh Hà Cienco 5 Mường Thanh(KĐT mới Thanh Hà),10.0,"Kiến Hưng, Phường Kiến Hưng, Quận Hà Đông, Hà Nội",,220.0,45.45,,,Đã có sổ,Đất nền dự án,,
,5.84,"Đường Đại lộ Thăng Long, Xã Vân Côn, Huyện Hoài Đức, Hà Nội",,72.1,81.0,,,Đã có sổ,Đất thổ cư,,
,1.6,"Thúy Lĩnh, Phường Lĩnh Nam, Quận Hoàng Mai, Hà Nội",,4000.0,0.4,,,Sổ chung / công chứng vi bằng,Đất nông nghiệp,,
,5.9,"Phố Phú Lương, Phường Phú Lương, Quận Hà Đông, Hà Nội",,40.0,147.5,,,Đã có sổ,Đất thổ cư,,
,5.9,"100, QL32, Xã Đức Thượng, Huyện Hoài Đức, Hà Nội",,48.2,122.41,,,Đã có sổ,Đất thổ cư,,
,4.2,"Đường Tây Mỗ, Phường Tây Mỗ, Quận Nam Từ Liêm, Hà Nội",,51.0,82.35,,,Đã có sổ,Đất thổ cư,,
,1.99,"Làng trên, Xã Phú Mãn, Huyện Quốc Oai, Hà Nội",,150.0,13.27,,,Đã có sổ,Đất thổ cư,,
,5.55,"Chúc Lý, Xã Ngọc Hòa, Huyện Chương Mỹ, Hà Nội",,100.0,55.5,,,Đã có sổ,Đất thổ cư,,
,3.5,"03, 183.3 Tôn Đức Thắng, Phường Hàng Bột, Quận Đống Đa, Hà Nội",,22.0,159.09,,,Đã có sổ,Đất thổ cư,,
,7.9,"136, Hồ Tùng Mậu, Phường Phú Diễn, Quận Bắc Từ Liêm, Hà Nội",,41.0,192.68,,,Đã có sổ,Đất thổ cư,,
,12.5,"MỖ LAO, Phường Yết Kiêu, Quận Hà Đông, Hà Nội",,50.0,250.0,,,Đã có sổ,Đất thổ cư,,
,12.5,"MỖ LAO, Phường Yết Kiêu, Quận Hà Đông, Hà Nội",,50.0,250.0,,,Đã có sổ,Đất thổ cư,,
,3.1,"Tiểu khu Mỹ Lâm, Thị trấn Phú Xuyên, Huyện Phú Xuyên, Hà Nội",,100.0,31.0,,,Đã có sổ,Đất thổ cư,,
,1.88,"Thôn Trãi, Xã Vân Từ, Huyện Phú Xuyên, Hà Nội",,144.6,13.0,,,Đã có sổ,Đất thổ cư,,
,1.2,"Mai Xá, Xã Quang Lãng, Huyện Phú Xuyên, Hà Nội",,103.0,11.65,,,Đã có sổ,Đất thổ cư,,
,2.9,"Khu Công Nghiệp Đông Anh, Xã Xuân Nộn, Huyện Đông Anh, Hà Nội",,52.1,55.66,,,Đã có sổ,Đất thổ cư,,
,1.68,"Thắng Lợi, Xã Thắng Lợi, Huyện Thường Tín, Hà Nội",,50.0,33.6,,,Đã có sổ,Đất thổ cư,,
,17.0,"Đường tỉnh 35, Xã Minh Phú, Huyện Sóc Sơn, Hà Nội",,1600.0,10.62,,,Đã có sổ,Đất thổ cư,,
,5.23,"Khu 4 Đường Giang Trôi , Thị trấn Trạm Trôi, Huyện Hoài Đức, Hà Nội",,47.6,109.87,,,Đã có sổ,Đất thổ cư,,
,3.52,"La Tinh, Xã Đông La, Huyện Hoài Đức, Hà Nội",,40.0,88.0,,,Đã có sổ,Đất thổ cư,,
,2.4,"Đại Thành, Xã Đại Thành, Huyện Quốc Oai, Hà Nội",,40.0,60.0,,,Đã có sổ,Đất thổ cư,,
,5.97,"Đường Ngọc Thụy, Phường Ngọc Thụy, Quận Long Biên, Hà Nội",,65.0,91.85,,,Đã có sổ,Đất thổ cư,,
,9.237,"La Tinh, Xã Đông La, Huyện Hoài Đức, Hà Nội",,75.1,123.0,,,Đã có sổ,Đất thổ cư,,
,5.568,"La Tinh, Xã Đông La, Huyện Hoài Đức, Hà Nội",,69.6,80.0,,,Đã có sổ,Đất thổ cư,,
,5.12,"La Tinh, Xã Đông La, Huyện Hoài Đức, Hà Nội",,64.0,80.0,,,Đã có sổ,Đất thổ cư,,
,8.967,"La Tinh, Xã Đông La, Huyện Hoài Đức, Hà Nội",,61.0,147.0,,,Đã có sổ,Đất thổ cư,,
,3.9,"Đường Nhân Huệ, Phường Đồng Mai, Quận Hà Đông, Hà Nội",,42.0,92.86,,,Đã có sổ,Đất thổ cư,,
,4.75,"Đường Liên Mạc, Phường Liên Mạc, Quận Bắc Từ Liêm, Hà Nội",,62.0,76.61,,,Đã có sổ,Đất thổ cư,,
,1.27,"Duyên Trang, Xã Hồng Thái, Huyện Phú Xuyên, Hà Nội",,100.0,12.7,,,Đã có sổ,Đất thổ cư,,
,3.0,"Xóm 4 Hải Bối, Xã Hải Bối, Huyện Đông Anh, Hà Nội",,47.0,63.83,,,Đã có sổ,Đất thổ cư,,
,14.5,"Phố Xuân Đỉnh , Phường Xuân La, Quận Tây Hồ, Hà Nội",,200.0,72.5,,,Đã có sổ,Đất thổ cư,,
du_an,price_VND,location,status,area,price_m2,toilet,room,doc,type,Số tầng,furnishing
,4.1,"bình minh, Thị trấn Trâu Quỳ, Huyện Gia Lâm, Hà Nội",,55.0,74.55,,,Đã có sổ,Đất thổ cư,,
,1.27,"Chương Dương, Xã Chương Dương, Huyện Thường Tín, Hà Nội",,51.0,24.9,,,Đã có sổ,Đất thổ cư,,
,6.0,"Phố Xuân Đỉnh , Phường Xuân La, Quận Tây Hồ, Hà Nội",,100.0,60.0,,,Đã có sổ,Đất thổ cư,,
,1.9,"Lập Trí, Xã Minh Trí, Huyện Sóc Sơn, Hà Nội",,100.0,19.0,,,Đã có sổ,Đất thổ cư,,
,4.9,"Đường Đông Ngạc, Phường Đông Ngạc, Quận Bắc Từ Liêm, Hà Nội",,60.0,81.67,,,Đã có sổ,Đất thổ cư,,
,4.9,"Đường Đông Ngạc, Phường Đông Ngạc, Quận Bắc Từ Liêm, Hà Nội",,57.0,85.96,,,Đã có sổ,Đất thổ cư,,
,1.1,"An Tiến , Xã An Tiến, Huyện Mỹ Đức, Hà Nội",,130.0,8.46,,,Đã có sổ,Đất thổ cư,,
,1.7,"An Tiến, Xã An Tiến, Huyện Mỹ Đức, Hà Nội",,150.0,11.33,,,Đã có sổ,Đất thổ cư,,
,7.85,"Đường 19 Tháng 5, Phường Văn Quán, Quận Hà Đông, Hà Nội",,55.0,142.73,,,Đã có sổ,Đất thổ cư,,
,6.95,"Cổ Điển A, Xã Tứ Hiệp, Huyện Thanh Trì, Hà Nội",,68.0,102.21,,,Đã có sổ,Đất thổ cư,,
,2.45,"Đường Bãi Tiên Tân, Xã Hồng Hà, Huyện Đan Phượng, Hà Nội",,78.0,31.41,,,Đã có sổ,Đất thổ cư,,
,6.3,"Nguyễn Đức Cảnh, Phường Tân Mai, Quận Hoàng Mai, Hà Nội",,61.0,103.28,,,Đã có sổ,Đất thổ cư,,
,1.97,"Xâm Xuyên, Xã Hồng Vân, Huyện Thường Tín, Hà Nội",,52.0,37.88,,,Đã có sổ,Đất thổ cư,,
,5.2,"liên xã, Xã Nam Phương Tiến, Huyện Chương Mỹ, Hà Nội",,948.0,5.49,,,Đã có sổ,Đất thổ cư,,
,6.595,"Đường Mỹ Đình, Phường Mỹ Đình 2, Quận Nam Từ Liêm, Hà Nội",,43.0,153.37,,,Đã có sổ,Đất thổ cư,,
,2.0,"liên xã, Xã Nam Phương Tiến, Huyện Chương Mỹ, Hà Nội",,430.0,4.65,,,Đã có sổ,Đất thổ cư,,
,1.7,"liên xã, Xã Nam Phương Tiến, Huyện Chương Mỹ, Hà Nội",,238.0,7.14,,,Đã có sổ,Đất thổ cư,,
,9.8,"Phố Hà Trì, Phường Hà Cầu, Quận Hà Đông, Hà Nội",,65.0,150.77,,,Đã có sổ,Đất thổ cư,,
,3.2,"Liên Thôn, Xã Tả Thanh Oai, Huyện Thanh Trì, Hà Nội",,52.0,61.54,,,Đã có sổ,Đất thổ cư,,
,8.2,"Phố Huỳnh Tấn Phát, Phường Thạch Bàn, Quận Long Biên, Hà Nội",,40.0,205.0,,,Đã có sổ,Đất thổ cư,,
,5.9,"Đường Quang Tiến, Phường Đại Mỗ, Quận Nam Từ Liêm, Hà Nội",,50.0,118.0,,,Đã có sổ,Đất thổ cư,,
,4.0,"Phố Trần Điền, Phường Định Công, Quận Hoàng Mai, Hà Nội",,100.0,40.0,,,Giấy tờ viết tay,Đất thổ cư,,
,2.064,"Liên xã, Xã Nhị Khê, Huyện Thường Tín, Hà Nội",,44.0,46.91,,,Đã có sổ,Đất thổ cư,,
,2.2,"Liên Thôn, Xã Nhị Khê, Huyện Thường Tín, Hà Nội",,43.0,51.16,,,Đã có sổ,Đất thổ cư,,
,2.97,"446, Xã Phú Mãn, Huyện Quốc Oai, Hà Nội",,110.0,27.0,,,Đã có sổ,Đất thổ cư,,
,2.975,"446, Xã Phú Mãn, Huyện Quốc Oai, Hà Nội",,175.0,17.0,,,Đã có sổ,Đất thổ cư,,
,15.3,"Phố Bằng Liệt, Phường Hoàng Liệt, Quận Hoàng Mai, Hà Nội",,80.0,191.25,,,Đang chờ sổ,Đất nền dự án,,
,1.6,"Uỷ Ban Hoà Thạch, Xã Hòa Thạch, Huyện Quốc Oai, Hà Nội",,61.0,26.23,,,Đã có sổ,Đất thổ cư,,
,7.9,"Đường Vạn Phúc, Phường Vạn Phúc, Quận Hà Đông, Hà Nội",,51.0,154.9,,,Đã có sổ,Đất thổ cư,,
,6.5,"Đường Kiêu Kỵ, Xã Kiêu Kỵ, Huyện Gia Lâm, Hà Nội",,102.0,63.73,,,Đã có sổ,Đất thổ cư,,
,22.7,"TĐC Đông Dư, Xã Đông Dư, Huyện Gia Lâm, Hà Nội",,288.0,78.82,,,Đã có sổ,Đất thổ cư,,
,5.1,"145, Đường Liên Mạc, Phường Liên Mạc, Quận Bắc Từ Liêm, Hà Nội",,57.0,89.47,,,Đã có sổ,Đất thổ cư,,
,2.4,"Thuỵ Hà, Xã Bắc Hồng, Huyện Đông Anh, Hà Nội",,74.0,32.43,,,Đã có sổ,Đất thổ cư,,
,3.9,"SN 51 ngõ 15, Chùa Thông, Phường Trung Hưng, Thị xã Sơn Tây, Hà Nội",,154.0,25.32,,,Đã có sổ,Đất thổ cư,,
,6.0,"Đường Mỹ Đình, Phường Mỹ Đình 1, Quận Nam Từ Liêm, Hà Nội",,42.0,142.86,,,Đã có sổ,Đất thổ cư,,
,4.6,"Phố Đại Linh, Phường Trung Văn, Quận Nam Từ Liêm, Hà Nội",,53.0,86.79,,,Đã có sổ,Đất thổ cư,,
,4.85,"Thôn 4, Xã Phú Cát, Huyện Quốc Oai, Hà Nội",,300.0,16.17,,,Đã có sổ,Đất thổ cư,,
,2.1,"Liên xã, Xã Đại áng, Huyện Thanh Trì, Hà Nội",,49.0,42.86,,,Đã có sổ,Đất thổ cư,,
,0.81,"Liên xã, Xã Đồng Tâm, Huyện Mỹ Đức, Hà Nội",,63.0,12.86,,,Đã có sổ,Đất thổ cư,,
,5.49,"LIÊN THÔN, Xã Khánh Hà, Huyện Thường Tín, Hà Nội",,122.0,45.0,,,Đã có sổ,Đất thổ cư,,
,3.5,"Đường Đa Tốn, Xã Đa Tốn, Huyện Gia Lâm, Hà Nội",,50.0,70.0,,,Đã có sổ,Đất thổ cư,,
,2.1,"Đường Quang Trung, Phường Yên Nghĩa, Quận Hà Đông, Hà Nội",,32.0,65.62,,,Đã có sổ,Đất thổ cư,,
,7.2,"Ngõ 68 Nguyễn Văn Linh, Phường Thạch Bàn, Quận Long Biên, Hà Nội",,60.0,120.0,,,Đã có sổ,Đất thổ cư,,
,3.8,"Đường Đại lộ Thăng Long, Xã Vân Côn, Huyện Hoài Đức, Hà Nội",,50.0,76.0,,,Đã có sổ,Đất thổ cư,,
,3.15,"6A, Thị trấn Xuân Mai, Huyện Chương Mỹ, Hà Nội",,100.0,31.5,,,Đã có sổ,Đất thổ cư,,
,33.09,"LH: 0914846452-Chú Hưng, Đường Bát Khối, Phường Long Biên, Quận Long Biên, Hà Nội",,248.8,133.0,,,Đã có sổ,Đất thổ cư,,
,3.7,"Đường tỉnh 35, Xã Hồng Kỳ, Huyện Sóc Sơn, Hà Nội",,134.0,27.61,,,Đã có sổ,Đất thổ cư,,
,838.0,"Đường Trung Yên 5, Phường Trung Hoà, Quận Cầu Giấy, Hà Nội",,5048.0,166.01,,,Đã có sổ,Đất nền dự án,,
,0.14,"Đường Đại lộ Thăng Long, Xã An Thượng, Huyện Hoài Đức, Hà Nội",,60.0,2.33,,,Đã có sổ,Đất thổ cư,,
,3.5,"Phố Thúy Lĩnh, Phường Lĩnh Nam, Quận Hoàng Mai, Hà Nội",,40.0,87.5,,,Đã có sổ,Đất thổ cư,,
,2.9,"Nhật Tân, Xã Vân Nội, Huyện Đông Anh, Hà Nội",,50.0,58.0,,,Đã có sổ,Đất thổ cư,,
,3.75,"quốc lộ 5, Xã Xuân Canh, Huyện Đông Anh, Hà Nội",,42.0,89.29,,,Đã có sổ,Đất thổ cư,,
,2.9,"Cầu Thăng Long, Xã Võng La, Huyện Đông Anh, Hà Nội",,48.0,60.42,,,Đã có sổ,Đất thổ cư,,
,13.5,"ĐƯỜNG CẦU BƯƠU, Phường Kiến Hưng, Quận Hà Đông, Hà Nội",,71.0,190.14,,,Đã có sổ,Đất thổ cư,,
,3.8,"Đường Đại lộ Thăng Long, Xã Vân Côn, Huyện Hoài Đức, Hà Nội",,50.0,76.0,,,Đã có sổ,Đất thổ cư,,
,8.5,"Đường Đại lộ Thăng Long, Xã An Thượng, Huyện Hoài Đức, Hà Nội",,66.0,128.79,,,Đã có sổ,Đất thổ cư,,
,1.42,"Nghiêm Xuyên, Xã Nghiêm Xuyên, Huyện Thường Tín, Hà Nội",,45.0,31.56,,,Đã có sổ,Đất thổ cư,,
,67.0,"Số  6, Phố Vũ Tông Phan, Phường Định Công, Quận Hoàng Mai, Hà Nội",,133.9,500.37,,,Đã có sổ,Đất thổ cư,,
,10.1,"Phố Trạm, Phường Long Biên, Quận Long Biên, Hà Nội",,37.0,272.97,,,Đã có sổ,Đất thổ cư,,
,5.55,"Phố Yên Lộ, Phường Yên Nghĩa, Quận Hà Đông, Hà Nội",,36.9,150.41,,,Đã có sổ,Đất thổ cư,,
,3.85,"Phố Phúc Tiến, Phường Biên Giang, Quận Hà Đông, Hà Nội",,60.0,64.17,,,Đã có sổ,Đất thổ cư,,
,7.2,"Đường Lĩnh Nam, Phường Mai Động, Quận Hoàng Mai, Hà Nội",,73.0,98.63,,,Đã có sổ,Đất thổ cư,,
,3.5,"Thuý Lĩnh, Phường Lĩnh Nam, Quận Hoàng Mai, Hà Nội",,40.0,87.5,,,Đã có sổ,Đất thổ cư,,
,35.5,"Phố Ông Ích Khiêm, Phường Điện Biên, Quận Ba Đình, Hà Nội",,153.0,232.03,,,Đã có sổ,Đất thổ cư,,
,13.5,"Phố Nguyễn Thanh Bình, Phường Vạn Phúc, Quận Hà Đông, Hà Nội",,50.0,270.0,,,Đã có sổ,Đất thổ cư,,
,2.6,"Dân sinh, Thị trấn Quang Minh, Huyện Mê Linh, Hà Nội",,104.0,25.0,,,Đã có sổ,Đất thổ cư,,
,2.0,"1, 1, Xã Nam Phương Tiến, Huyện Chương Mỹ, Hà Nội",,75.0,26.67,,,Đã có sổ,Đất thổ cư,,
,5.4,"Đông mỹ, Xã Đông Mỹ, Huyện Thanh Trì, Hà Nội",,136.0,39.71,,,Đã có sổ,Đất thổ cư,,
,4.68,"Tứ Hiêp, Xã Tứ Hiệp, Huyện Thanh Trì, Hà Nội",,52.0,90.0,,,Đã có sổ,Đất thổ cư,,
,3.5,"Tứ Hiệp, Xã Tứ Hiệp, Huyện Thanh Trì, Hà Nội",,45.0,77.78,,,Đã có sổ,Đất thổ cư,,
,4.8,"Ngũ Hiệp, Xã Ngũ Hiệp, Huyện Thanh Trì, Hà Nội",,68.0,70.59,,,Đã có sổ,Đất thổ cư,,
,6.85,"Quang Lai, Xã Tứ Hiệp, Huyện Thanh Trì, Hà Nội",,33.0,207.58,,,Đã có sổ,Đất thổ cư,,
,7.3,"ngũ hiệp, Xã Ngũ Hiệp, Huyện Thanh Trì, Hà Nội",,89.3,81.75,,,Đã có sổ,Đất thổ cư,,
,1.37,"Chương Lộc, Xã Chương Dương, Huyện Thường Tín, Hà Nội",,43.7,31.35,,,Đã có sổ,Đất thổ cư,,
,1.27,"Xóm 2, Xã Chương Dương, Huyện Thường Tín, Hà Nội",,50.4,25.2,,,Đã có sổ,Đất thổ cư,,
,1.55,"Bãi Tháp, Xã Đồng Tháp, Huyện Đan Phượng, Hà Nội",,35.0,44.29,,,Đã có sổ,Đất thổ cư,,
,3.4,"Ngõ 321 đường Phúc Lợi, Phường Phúc Lợi, Quận Long Biên, Hà Nội",,35.0,97.14,,,Đã có sổ,Đất thổ cư,,
,3.7,"Nam Hồng, Xã Nam Hồng, Huyện Đông Anh, Hà Nội",,63.0,58.73,,,Đã có sổ,Đất thổ cư,,
,2.555,Phúc Tiến,,72.0,35.49,,,Đã có sổ,Đất thổ cư,,
,3.25,Phú Mãn,,105.0,30.95,,,Đã có sổ,Đất thổ cư,,
du_an,price_VND,location,status,area,price_m2,toilet,room,doc,type,Số tầng,furnishing
,37.0,"Phố Trung Kính, Phường Trung Hoà, Quận Cầu Giấy, Hà Nội",,180.0,205.56,,,Đã có sổ,Đất thổ cư,,
,1.59,"Việt An, Xã Tân Tiến, Huyện Chương Mỹ, Hà Nội",,263.0,6.05,,,Đã có sổ,Đất thổ cư,,
,5.389,"Xuân Linh, Xã Thủy Xuân Tiên, Huyện Chương Mỹ, Hà Nội",,317.0,17.0,,,Đã có sổ,Đất thổ cư,,
,3.79,"Ngõ 266 Lê Hữu Tựu, Xã Nguyên Khê, Huyện Đông Anh, Hà Nội",,72.0,52.64,,,Đã có sổ,Đất thổ cư,,
,3.65,"131, Xã Mai Đình, Huyện Sóc Sơn, Hà Nội",,106.0,34.43,,,Đã có sổ,Đất thổ cư,,
,5.6,"104, ngõ 117, tổ dân phố cơ khí Yên Viên, Đường Hà Huy Tập, Xã Yên Viên, Huyện Gia Lâm, Hà Nội",,80.0,70.0,,,Đã có sổ,Đất thổ cư,,
,4.0,"Bát KHỐI, Xã Đông Dư, Huyện Gia Lâm, Hà Nội",,50.0,80.0,,,Đã có sổ,Đất thổ cư,,
,12.2,"Đường Xuân Thủy, Phường Dịch Vọng, Quận Cầu Giấy, Hà Nội",,83.0,146.99,,,Đã có sổ,Đất thổ cư,,
,29.0,"Đường Phạm Văn Đồng, Phường Dịch Vọng, Quận Cầu Giấy, Hà Nội",,80.0,362.5,,,Đã có sổ,Đất thổ cư,,
,3.56,ĐT 420,,96.0,37.08,,,Đã có sổ,Đất thổ cư,,
,22.0,419,,151.0,145.7,,,Đã có sổ,Đất thổ cư,,
,1.75,Quốc lộ 21A(Quốc lộ 21),,60.0,29.17,,,Đã có sổ,Đất thổ cư,,
,2.5,ĐT 420,,84.0,29.76,,,Đã có sổ,Đất thổ cư,,
,2.765,Hoà Thạch,,99.0,27.93,,,Đã có sổ,Đất thổ cư,,
,2.75,1,,70.0,39.29,,,Đã có sổ,Đất thổ cư,,
,1.59,Quốc lộ 21A(Quốc lộ 21),,60.0,26.5,,,Đã có sổ,Đất thổ cư,,
Khu đô thị Hà Phong,13.0,"Tiền Phong, Xã Tiền Phong, Huyện Mê Linh, Hà Nội",,300.0,43.33,,,Đã có sổ,Đất nền dự án,,
,2.9,"Đường Đê Tả Sông Hồng, Xã Tráng Việt, Huyện Mê Linh, Hà Nội",,100.0,29.0,,,Đã có sổ,Đất thổ cư,,
,1.65,"Đông Sơn, Xã Quang Tiến, Huyện Sóc Sơn, Hà Nội",,45.0,36.67,,,Đã có sổ,Đất thổ cư,,
,19.8,"Đường Cổ Linh, Phường Thạch Bàn, Quận Long Biên, Hà Nội",,90.0,220.0,,,Đã có sổ,Đất thổ cư,,
,4.15,"Cầu Đông Dư, Xã Đông Dư, Huyện Gia Lâm, Hà Nội",,40.0,103.75,,,Đã có sổ,Đất thổ cư,,
,4.5,"Phố Giang Chính, Phường Biên Giang, Quận Hà Đông, Hà Nội",,70.0,64.29,,,Đã có sổ,Đất thổ cư,,
,1.37,"Liên Thôn , Xã Chương Dương, Huyện Thường Tín, Hà Nội",,43.6,31.42,,,Đã có sổ,Đất thổ cư,,
,18.0,"Đường Đại Mỗ, Phường Đại Mỗ, Quận Nam Từ Liêm, Hà Nội",,75.0,240.0,,,Đã có sổ,Đất thổ cư,,
,2.55,"Liên Thôn, Xã Thư Phú, Huyện Thường Tín, Hà Nội",,57.8,44.12,,,Đã có sổ,Đất thổ cư,,
,7.2,"Phố Nguyễn Văn Trỗi, Phường Mộ Lao, Quận Hà Đông, Hà Nội",,52.0,138.46,,,Đã có sổ,Đất thổ cư,,
,7.1,"Đường Đại Mỗ, Phường Đại Mỗ, Quận Nam Từ Liêm, Hà Nội",,52.0,136.54,,,Đã có sổ,Đất thổ cư,,
,3.35,"Đường Ỷ Lan, Xã Đặng Xá, Huyện Gia Lâm, Hà Nội",,60.0,55.83,,,Đã có sổ,Đất thổ cư,,
,8.88,"Dự án Cienco 5 Mê Linh, Xã Tiền Phong, Huyện Mê Linh, Hà Nội",,111.0,80.0,,,Đã có sổ,Đất nền dự án,,
,15.0,"Đường Bát Khối, Phường Cự Khối, Quận Long Biên, Hà Nội",,68.0,220.59,,,Đã có sổ,Đất nền dự án,,
,6.1,"Vân Trì, Xã Vân Nội, Huyện Đông Anh, Hà Nội",,80.0,76.25,,,Đang chờ sổ,Đất thổ cư,,
,2.44,"LH chính chủ: 0974393669, N1, Xã Hạ Mỗ, Huyện Đan Phượng, Hà Nội",,48.8,50.0,,,Đã có sổ,Đất thổ cư,,
,8.6,"Phố Vũ Trọng Khánh, Phường Mộ Lao, Quận Hà Đông, Hà Nội",,45.0,191.11,,,Đã có sổ,Đất thổ cư,,
,6.6,"Thạch Cầu, Phường Long Biên, Quận Long Biên, Hà Nội",,104.0,63.46,,,Đã có sổ,Đất thổ cư,,
,4.63,"phú hữu, Xã Phú Nghĩa, Huyện Chương Mỹ, Hà Nội",,145.0,31.93,,,Đã có sổ,Đất thổ cư,,
,11.0,"Đường Lê Trọng Tấn, Phường Dương Nội, Quận Hà Đông, Hà Nội",,50.0,220.0,,,Đã có sổ,Đất thổ cư,,
,6.8,"Đường Đại lộ Thăng Long, Xã Song Phương, Huyện Hoài Đức, Hà Nội",,66.0,103.03,,,Đã có sổ,Đất thổ cư,,
,6.3,"Đường Võ Nguyên Giáp, Xã Tiên Dương, Huyện Đông Anh, Hà Nội",,102.0,61.76,,,Đã có sổ,Đất thổ cư,,
,8.0,"Đường Quốc lộ 3, Xã Nguyên Khê, Huyện Đông Anh, Hà Nội",,80.0,100.0,,,Đã có sổ,Đất thổ cư,,
,8.2,"Kim Giang, Xã Thanh Liệt, Huyện Thanh Trì, Hà Nội",,60.0,136.67,,,Đã có sổ,Đất thổ cư,,
,8.0,"Võ Nguyên Giáp, Xã Vân Nội, Huyện Đông Anh, Hà Nội",,200.0,40.0,,,Đã có sổ,Đất thổ cư,,
,18.5,"Đường Thụy Khuê, Phường Bưởi, Quận Tây Hồ, Hà Nội",,137.0,135.04,,,Đã có sổ,Đất thổ cư,,
,6.5,"35, Phố Khúc Thừa Dụ, Phường Dịch Vọng, Quận Cầu Giấy, Hà Nội",,32.0,203.12,,,Đã có sổ,Đất thổ cư,,
,4.505,"Tuyết Nghĩa, Xã Tuyết Nghĩa, Huyện Quốc Oai, Hà Nội",,265.0,17.0,,,Đã có sổ,Đất thổ cư,,
,1.87,"tân yên, Xã Trường Yên, Huyện Chương Mỹ, Hà Nội",,110.0,17.0,,,Đã có sổ,Đất thổ cư,,
,9.45,"Phố Đại Đồng, Phường Thanh Trì, Quận Hoàng Mai, Hà Nội",,60.0,157.5,,,Đã có sổ,Đất thổ cư,,
,0.72,"607, Xã Hợp Thanh, Huyện Mỹ Đức, Hà Nội",,50.0,14.4,,,Đã có sổ,Đất thổ cư,,
,7.6,"Yên Vĩnh, Kim Chung, Hoài Đức, TP.Hà Nội, Xã Kim Chung, Huyện Hoài Đức, Hà Nội",,52.0,146.15,,,Đã có sổ,Đất nền dự án,,
,3.0,"Đường Đông Ngạc, Phường Đông Ngạc, Quận Bắc Từ Liêm, Hà Nội",,52.0,57.69,,,Đã có sổ,Đất thổ cư,,
,1.85,"Quốc lộ 6, Xã Ngọc Hòa, Huyện Chương Mỹ, Hà Nội",,45.0,41.11,,,Đã có sổ,Đất thổ cư,,
,11.0,"Đường Xuân Đỉnh, Phường Xuân Đỉnh, Quận Bắc Từ Liêm, Hà Nội",,76.0,144.74,,,Đã có sổ,Đất thổ cư,,
,8.5,"Phố Nhân Trạch, Phường Phú Lương, Quận Hà Đông, Hà Nội",,90.1,94.34,,,Đã có sổ,Đất thổ cư,,
,11.0,"Đường Phạm Văn Đồng, Phường Cổ Nhuế 1, Quận Bắc Từ Liêm, Hà Nội",,76.0,144.74,,,Đã có sổ,Đất thổ cư,,
,3.2,"Trường Sa, Xã Xuân Canh, Huyện Đông Anh, Hà Nội",,50.0,64.0,,,Đã có sổ,Đất thổ cư,,
,3.2,"Trường Sa, Xã Mai Lâm, Huyện Đông Anh, Hà Nội",,43.0,74.42,,,Đã có sổ,Đất thổ cư,,
Thanh Hà Cienco 5 Mường Thanh(KĐT mới Thanh Hà),8.0,"Kiến Hưng, Phường Kiến Hưng, Quận Hà Đông, Hà Nội",,120.0,66.67,,,Đã có sổ,Đất nền dự án,,
,5.5,"Phố Hoàng Liệt, Phường Hoàng Liệt, Quận Hoàng Mai, Hà Nội",,45.0,122.22,,,Đã có sổ,Đất thổ cư,,
,5.2,"Đường Phúc Lợi, Phường Phúc Lợi, Quận Long Biên, Hà Nội",,45.0,115.56,,,Đã có sổ,Đất thổ cư,,
,2.55,"BỒ đa, Phường Đồng Mai, Quận Hà Đông, Hà Nội",,43.0,59.3,,,Đã có sổ,Đất thổ cư,,
,2.15,"Đan Hoài, Xã Thượng Mỗ, Huyện Đan Phượng, Hà Nội",,40.0,53.75,,,Đã có sổ,Đất thổ cư,,
du_an,price_VND,location,status,area,price_m2,toilet,room,doc,type,Số tầng,furnishing
,3.96,"Thôn 3, Xã Phú Cát, Huyện Quốc Oai, Hà Nội",,220.0,18.0,,,Đã có sổ,Đất thổ cư,,
,1.58,"Thôn Sơn Đồng, Xã Tiên Phương, Huyện Chương Mỹ, Hà Nội",,45.0,35.11,,,Đã có sổ,Đất thổ cư,,
,5.0,"Ngõ 52 Đường Quang Tiến, Phường Đại Mỗ, Quận Nam Từ Liêm, Hà Nội",,60.0,83.33,,,Đã có sổ,Đất thổ cư,,
,5.7,"Cổ Điển A, Xã Tứ Hiệp, Huyện Thanh Trì, Hà Nội",,73.0,78.08,,,Đã có sổ,Đất thổ cư,,
Khu đô thị Nam Hồng,3.35,"Nam Hồng, Xã Nam Hồng, Huyện Đông Anh, Hà Nội",,80.0,41.88,,,Đã có sổ,Đất thổ cư,,
,2.28,"Hà Hồi, Xã Hà Hồi, Huyện Thường Tín, Hà Nội",,46.0,49.57,,,Đã có sổ,Đất thổ cư,,
,1.43,"Tri Thuy, Xã Tri Thủy, Huyện Phú Xuyên, Hà Nội",,92.0,15.54,,,Đã có sổ,Đất thổ cư,,
,3.729,"Phú Mãn , Xã Phú Mãn, Huyện Quốc Oai, Hà Nội",,115.0,32.43,,,Đã có sổ,Đất thổ cư,,
,2.35,"57, Đường 6, Thị trấn Xuân Mai, Huyện Chương Mỹ, Hà Nội",,80.0,29.38,,,Đã có sổ,Đất thổ cư,,
,14.5,"Phố Hồng Tiến, Phường Bồ Đề, Quận Long Biên, Hà Nội",,108.0,134.26,,,Đã có sổ,Đất thổ cư,,
,4.5,"Ngõ 6 Miêu Nha, Phường Tây Mỗ, Quận Nam Từ Liêm, Hà Nội",,50.0,90.0,,,Đã có sổ,Đất thổ cư,,
,10.4,"Đường 25m Cự khối, Phường Cự Khối, Quận Long Biên, Hà Nội",,65.0,160.0,,,Đã có sổ,Đất thổ cư,,
,36.0,"Vân Hà, Xã Vân Hà, Huyện Đông Anh, Hà Nội",,110000.0,0.327272,,,Không có sổ,Đất nông nghiệp,,
,3.06,"Xuân Nộn, Xã Xuân Nộn, Huyện Đông Anh, Hà Nội",,60.0,51.0,,,Đã có sổ,Đất thổ cư,,
,1.65,"84, Xã Lại Thượng, Huyện Thạch Thất, Hà Nội",,65.0,25.38,,,Đã có sổ,Đất thổ cư,,
,8.2,"Đường Tỉnh 422B, Xã Vân Canh, Huyện Hoài Đức, Hà Nội",,50.0,164.0,,,Đã có sổ,Đất thổ cư,,
,6.6,"Đường Thạch Bàn, Phường Thạch Bàn, Quận Long Biên, Hà Nội",,48.0,137.5,,,Đã có sổ,Đất thổ cư,,
,0.36,"Đường Hữu Nghị, Xã Đông Dư, Huyện Gia Lâm, Hà Nội",,550.0,0.6545449999999999,,,Đã có sổ,Đất nông nghiệp,,
,1.5,"Liên Thôn, Xã Thư Phú, Huyện Thường Tín, Hà Nội",,44.2,33.94,,,Đã có sổ,Đất thổ cư,,
,0.96,"Phố Thįnh Liệt, Phường Thịnh Liệt, Quận Hoàng Mai, Hà Nội",,46.6,20.6,,,Sổ chung / công chứng vi bằng,Đất thổ cư,,
,2.44,"Khu Ba, Xã Đồng Trúc, Huyện Thạch Thất, Hà Nội",,81.2,30.05,,,Đã có sổ,Đất thổ cư,,
,2.85,"Dân sinh, Xã Nam Hồng, Huyện Đông Anh, Hà Nội",,46.0,61.96,,,Đã có sổ,Đất thổ cư,,
,8.6,"Phố Vũ Trọng Khánh, Phường Mộ Lao, Quận Hà Đông, Hà Nội",,45.0,191.11,,,Đã có sổ,Đất thổ cư,,
,3.36,"Dân sinh, Xã Nam Hồng, Huyện Đông Anh, Hà Nội",,64.0,52.5,,,Đã có sổ,Đất thổ cư,,
,2.976,"Mặt đường, TL 412, Xã Hiệp Thuận, Huyện Phúc Thọ, Hà Nội",,62.0,48.0,,,Đã có sổ,Đất thổ cư,,
,1.97,"Vụ Bản, Xã Minh Trí, Huyện Sóc Sơn, Hà Nội",,85.0,23.18,,,Đã có sổ,Đất thổ cư,,
,2.2,"Yên Thái, Xã Đông Yên, Huyện Quốc Oai, Hà Nội",,124.8,17.63,,,Đã có sổ,Đất thổ cư,,
,1.52,"Vân Tảo, Xã Vân Tảo, Huyện Thường Tín, Hà Nội",,47.0,32.34,,,Đã có sổ,Đất thổ cư,,
,8.0,"Hòa Thạch, Xã Hòa Thạch, Huyện Quốc Oai, Hà Nội",,575.0,13.91,,,Đã có sổ,Đất thổ cư,,
,4.728,"Ngõ 37, Phố Đại Đồng, Phường Thanh Trì, Quận Hoàng Mai, Hà Nội",,197.0,24.0,,,Đã có sổ,Đất nông nghiệp,,
,6.1,"Đường Mỹ Đình, Phường Mỹ Đình 1, Quận Nam Từ Liêm, Hà Nội",,42.0,145.24,,,Đã có sổ,Đất thổ cư,,
,10.8,"Đường Cổ Linh, Phường Thạch Bàn, Quận Long Biên, Hà Nội",,62.0,174.19,,,Đã có sổ,Đất thổ cư,,
,4.77,"420, Xã Bình Yên, Huyện Thạch Thất, Hà Nội",,265.0,18.0,,,Đã có sổ,Đất thổ cư,,
,13.8,"Đường Đại lộ Thăng Long, Xã Song Phương, Huyện Hoài Đức, Hà Nội",,115.2,119.79,,,Đã có sổ,Đất thổ cư,,
,12.3,"Đông Mỹ, Xã Đông Mỹ, Huyện Thanh Trì, Hà Nội",,164.0,75.0,,,Đã có sổ,Đất thổ cư,,
,7.3,"Tiên Hội, Xã Đông Hội, Huyện Đông Anh, Hà Nội",,82.0,89.02,,,Đã có sổ,Đất thổ cư,,
,12.4,"Đường Thạch Bàn, Phường Thạch Bàn, Quận Long Biên, Hà Nội",,52.0,238.46,,,Đã có sổ,Đất nền dự án,,
,1.8,"21a, Xã Thủy Xuân Tiên, Huyện Chương Mỹ, Hà Nội",,115.0,15.65,,,Đã có sổ,Đất thổ cư,,
,6.6,"Phố Đức Giang, Phường Đức Giang, Quận Long Biên, Hà Nội",,55.0,120.0,,,Đã có sổ,Đất thổ cư,,
,5.9,"Đường Quang Tiến, Phường Đại Mỗ, Quận Nam Từ Liêm, Hà Nội",,50.0,118.0,,,Đã có sổ,Đất thổ cư,,
,0.1,"thôn Yên Quán, Xã Tân Phú, Huyện Quốc Oai, Hà Nội",,93.8,1.07,,,Đang chờ sổ,Đất thổ cư,,
,1.45,"Quốc lộ 6, Phường Biên Giang, Quận Hà Đông, Hà Nội",,31.0,46.77,,,Đã có sổ,Đất thổ cư,,
,6.85,"Phố Tình Quang, Phường Giang Biên, Quận Long Biên, Hà Nội",,92.0,74.46,,,Đã có sổ,Đất thổ cư,,
,6.3,"Trại Láng, Xã Cổ Đông, Thị xã Sơn Tây, Hà Nội",,3503.0,1.8,,,Đã có sổ,Đất thổ cư,,
,8.8,"An Vượng, Phường Dương Nội, Quận Hà Đông, Hà Nội",,50.0,176.0,,,Đã có sổ,Đất thổ cư,,
,2.6,"Khuyến Lương, Phường Trần Phú, Quận Hoàng Mai, Hà Nội",,30.0,86.67,,,Đã có sổ,Đất thổ cư,,
,9.6,"Nguyễn Trực, Phường Kiến Hưng, Quận Hà Đông, Hà Nội",,58.0,165.52,,,Đã có sổ,Đất thổ cư,,
,1.19,"Bạch Hạ, Xã Bạch Hạ, Huyện Phú Xuyên, Hà Nội",,84.0,14.17,,,Đã có sổ,Đất thổ cư,,
,5.8,"Đường Trần Cung, Phường Cổ Nhuế 1, Quận Bắc Từ Liêm, Hà Nội",,45.0,128.89,,,Đã có sổ,Đất thổ cư,,
Thanh Hà Cienco 5 Mường Thanh(KĐT mới Thanh Hà),16.0,"Kiến Hưng, Phường Kiến Hưng, Quận Hà Đông, Hà Nội",,200.0,80.0,,,Đã có sổ,Đất nền dự án,,
,1.9,"Thao Chính, Thị trấn Phú Xuyên, Huyện Phú Xuyên, Hà Nội",,50.0,38.0,,,Đang chờ sổ,Đất thổ cư,,
,1.3,"Tân Tiến , Xã Tân Tiến, Huyện Chương Mỹ, Hà Nội",,55.0,23.64,,,Đã có sổ,Đất thổ cư,,
,10.36,"Phố Huỳnh Thúc Kháng, Phường Yết Kiêu, Quận Hà Đông, Hà Nội",,52.0,199.23,,,Đã có sổ,Đất thổ cư,,
,11.0,"Đường Xuân Đỉnh, Phường Xuân Đỉnh, Quận Bắc Từ Liêm, Hà Nội",,75.0,146.67,,,Đã có sổ,Đất thổ cư,,
,9.6,"Số 29- tổ 14- phố Trạm-  ngõ 321- Bát Khối, Đường Bát Khối, Phường Long Biên, Quận Long Biên, Hà Nội",,80.0,120.0,,,Đã có sổ,Đất thổ cư,,
,1.35,"An Lãng, Xã Văn Tự, Huyện Thường Tín, Hà Nội",,50.0,27.0,,,Đã có sổ,Đất thổ cư,,
,3.67,"Tổ 9, Thị trấn Quang Minh, Huyện Mê Linh, Hà Nội",,113.0,32.48,,,Đã có sổ,Đất thổ cư,,
,2.68,"Thư Dương, Xã Thư Phú, Huyện Thường Tín, Hà Nội",,59.6,44.97,,,Đã có sổ,Đất thổ cư,,
,10.5,"Đường Phạm Văn Đồng, Phường Cổ Nhuế 1, Quận Bắc Từ Liêm, Hà Nội",,70.0,150.0,,,Đã có sổ,Đất thổ cư,,
,2.6,"Võ Nguyên Giáp, Xã Vân Nội, Huyện Đông Anh, Hà Nội",,49.0,53.06,,,Đã có sổ,Đất thổ cư,,
,2.68,"Thư Dương, Xã Thư Phú, Huyện Thường Tín, Hà Nội",,59.6,44.97,,,Đã có sổ,Đất thổ cư,,
,10.5,"Đường Phạm Văn Đồng, Phường Cổ Nhuế 1, Quận Bắc Từ Liêm, Hà Nội",,70.0,150.0,,,Đã có sổ,Đất thổ cư,,
,2.6,"Võ Nguyên Giáp, Xã Vân Nội, Huyện Đông Anh, Hà Nội",,49.0,53.06,,,Đã có sổ,Đất thổ cư,,
,2.15,"Bắc Hồng, Xã Bắc Hồng, Huyện Đông Anh, Hà Nội",,42.0,51.19,,,Đã có sổ,Đất thổ cư,,
,1.95,"Nam Hồng, Xã Nam Hồng, Huyện Đông Anh, Hà Nội",,35.0,55.71,,,Đã có sổ,Đất thổ cư,,
,2.52,"An Lãng, Xã Văn Tự, Huyện Thường Tín, Hà Nội",,105.0,24.0,,,Đã có sổ,Đất thổ cư,,
,1.58,"Văn Hoàng, Xã Văn Hoàng, Huyện Phú Xuyên, Hà Nội",,90.0,17.56,,,Đã có sổ,Đất thổ cư,,
,2.618,"Thư Phú, Xã Thư Phú, Huyện Thường Tín, Hà Nội",,119.0,22.0,,,Đã có sổ,Đất thổ cư,,
,4.6,"Đường Kim Lan, Xã Kim Lan, Huyện Gia Lâm, Hà Nội",,128.0,35.94,,,Đã có sổ,Đất thổ cư,,
,49.0,"Phố Phú Xá , Phường Phú Thượng, Quận Tây Hồ, Hà Nội",,198.0,247.47,,,Đã có sổ,Đất thổ cư,,
,3.55,"Đường Đống Ba, Phường Thượng Cát, Quận Bắc Từ Liêm, Hà Nội",,42.0,84.52,,,Đã có sổ,Đất thổ cư,,
,8.04,"Vân Trì, Xã Vân Nội, Huyện Đông Anh, Hà Nội",,120.0,67.0,,,Đã có sổ,Đất thổ cư,,
,9.0,"Vân Trì, Xã Vân Nội, Huyện Đông Anh, Hà Nội",,129.0,69.77,,,Đã có sổ,Đất thổ cư,,
,3.8,"Đường Gia Lương, Xã Việt Hùng, Huyện Đông Anh, Hà Nội",,52.1,72.94,,,Đã có sổ,Đất thổ cư,,
,5.6,"cựu quán, Xã Đức Thượng, Huyện Hoài Đức, Hà Nội",,51.0,109.8,,,Đã có sổ,Đất thổ cư,,
,1.25,"Tiến Tiên, Xã Tân Tiến, Huyện Chương Mỹ, Hà Nội",,150.0,8.33,,,Đã có sổ,Đất thổ cư,,
,3.45,"Đông Lao, Xã Đông La, Huyện Hoài Đức, Hà Nội",,30.0,115.0,,,Đã có sổ,Đất thổ cư,,
,12.3,"26, Phố Hoàng Trọng Mậu, Phường Mỹ Đình 1, Quận Nam Từ Liêm, Hà Nội",,46.3,265.66,,,Đã có sổ,Đất thổ cư,,
,15.5,"vành đai 3.5, Xã Di Trạch, Huyện Hoài Đức, Hà Nội",,112.0,138.39,,,Đã có sổ,Đất thổ cư,,
,16.5,"đường vành đai 3,5, Xã Di Trạch, Huyện Hoài Đức, Hà Nội",,110.0,150.0,,,Đã có sổ,Đất thổ cư,,
du_an,price_VND,location,status,area,price_m2,toilet,room,doc,type,Số tầng,furnishing
,17.0,"17, Phố Tôn Đức Thắng, Phường Hàng Bột, Quận Đống Đa, Hà Nội",,65.0,261.54,,,Đã có sổ,Đất thổ cư,,
,3.75,"quốc lộ 21, Xã Sơn Đông, Thị xã Sơn Tây, Hà Nội",,120.0,31.25,,,Đã có sổ,Đất thổ cư,,
,2.0,"420, Xã Bình Yên, Huyện Thạch Thất, Hà Nội",,60.0,33.33,,,Đã có sổ,Đất thổ cư,,
,0.435,"Gần tỉnh lộ 419, Xã Đốc Tín, Huyện Mỹ Đức, Hà Nội",,50.0,8.7,,,Đã có sổ,Đất thổ cư,,
,8.9,"Phố Yên Lộ, Phường Yên Nghĩa, Quận Hà Đông, Hà Nội",,50.0,178.0,,,Đã có sổ,Đất nền dự án,,
,2.75,"Tổ 16 Yên Nghĩa, Phường Yên Nghĩa, Quận Hà Đông, Hà Nội",,44.0,62.5,,,Đã có sổ,Đất thổ cư,,
,10.0,"Đông Anh, Thị trấn Đông Anh, Huyện Đông Anh, Hà Nội",,75.0,133.33,,,Đã có sổ,Đất nền dự án,,
,6.0,"Đường Mỹ Đình, Phường Mỹ Đình 1, Quận Nam Từ Liêm, Hà Nội",,42.0,142.86,,,Đã có sổ,Đất thổ cư,,
,11.7,"Đường Hòa Bình, Phường Yên Nghĩa, Quận Hà Đông, Hà Nội",,305.4,38.31,,,Đã có sổ,Đất thổ cư,,
,4.6,"Phố Đại Linh, Phường Trung Văn, Quận Nam Từ Liêm, Hà Nội",,53.0,86.79,,,Đã có sổ,Đất thổ cư,,
,6.477,"LH: 0911313636, Thôn Bạch Đa, Xã Kim Hoa, Huyện Mê Linh, Hà Nội",,114.64,56.5,,,Đã có sổ,Đất thổ cư,,
,21.0,"Đường Cổ Linh, Phường Thạch Bàn, Quận Long Biên, Hà Nội",,100.0,210.0,,,Đã có sổ,Đất nền dự án,,
,6.32,"Phố Nguyễn Mậu Tài, Thị trấn Trâu Quỳ, Huyện Gia Lâm, Hà Nội",,40.0,158.0,,,Đã có sổ,Đất thổ cư,,
,2.2,"Đường Quang Trung, Phường Yên Nghĩa, Quận Hà Đông, Hà Nội",,38.0,57.89,,,Đã có sổ,Đất thổ cư,,
,3.55,"đấu giá Dung Dưới, tỉnh lộ 419, Xã Bột Xuyên, Huyện Mỹ Đức, Hà Nội",,100.0,35.5,,,Đã có sổ,Đất nền dự án,,
,5.5,"Phố Phú Xá, Phường Phú Thượng, Quận Tây Hồ, Hà Nội",,50.0,110.0,,,Đã có sổ,Đất thổ cư,,
,35.0,"Ngõ 71 Trần Quang Diệu,, Phường Ô Chợ Dừa, Quận Đống Đa, Hà Nội",,120.0,291.67,,,Đã có sổ,Đất thổ cư,,
,4.65,"Đường Việt Hùng, Xã Việt Hùng, Huyện Đông Anh, Hà Nội",,68.1,68.28,,,Đã có sổ,Đất thổ cư,,
,5.7,"Đường Thụy Lôi, Xã Thuỵ Lâm, Huyện Đông Anh, Hà Nội",,88.0,64.77,,,Đã có sổ,Đất thổ cư,,
,4.8,"Đường Việt Hùng, Xã Việt Hùng, Huyện Đông Anh, Hà Nội",,92.0,52.17,,,Đã có sổ,Đất thổ cư,,
,14.1,"34A ngõ 239, Phố Bồ Đề, Phường Bồ Đề, Quận Long Biên, Hà Nội",,135.0,104.44,,,Đã có sổ,Đất thổ cư,,
,2.5,"Đường Yên Bình, Phường Yên Nghĩa, Quận Hà Đông, Hà Nội",,36.0,69.44,,,Đã có sổ,Đất thổ cư,,
,2.8,"Đường Việt Hùng, Xã Việt Hùng, Huyện Đông Anh, Hà Nội",,50.0,56.0,,,Đã có sổ,Đất thổ cư,,
,2.85,"Hòa Bình, Phường Yên Nghĩa, Quận Hà Đông, Hà Nội",,46.0,61.96,,,Đã có sổ,Đất thổ cư,,
,4.2,"Nghĩa Hương, Xã Nghĩa Hương, Huyện Quốc Oai, Hà Nội",,112.0,37.5,,,Đã có sổ,Đất thổ cư,,
,1.13,"Đường Xuân Phương, Phường Xuân Phương, Quận Nam Từ Liêm, Hà Nội",,45.0,25.11,,,Không có sổ,Đất nông nghiệp,,
,1.99,"Kẻ Vẽ, Phường Đông Ngạc, Quận Bắc Từ Liêm, Hà Nội",,191.0,10.42,,,Sổ chung / công chứng vi bằng,Đất công nghiệp,,
,5.355,"Đường Lai Xá, Xã Kim Chung, Huyện Hoài Đức, Hà Nội",,63.0,85.01,,,Đã có sổ,Đất thổ cư,,
,3.83,"Xâm Động, Xã Vân Tảo, Huyện Thường Tín, Hà Nội",,87.0,44.02,,,Đã có sổ,Đất thổ cư,,
,2.52,"Ăn Lãng, Xã Văn Tự, Huyện Thường Tín, Hà Nội",,105.0,24.0,,,Đã có sổ,Đất thổ cư,,
,3.7,"Đường Xuân Đỉnh, Phường Xuân Đỉnh, Quận Bắc Từ Liêm, Hà Nội",,30.0,123.33,,,Đã có sổ,Đất thổ cư,,
,21.9,"Đường An Dương Vương, Phường Phú Thượng, Quận Tây Hồ, Hà Nội",,190.1,115.2,,,Đã có sổ,Đất thổ cư,,
,7.25,"Phố Nguyễn Văn Trỗi, Phường Mộ Lao, Quận Hà Đông, Hà Nội",,52.0,139.42,,,Đã có sổ,Đất thổ cư,,
,7.6,"Phố Phú Thượng, Phường Phú Thượng, Quận Tây Hồ, Hà Nội",,40.0,190.0,,,Đã có sổ,Đất thổ cư,,
,12.0,"Đường Thượng Cát, Phường Thượng Cát, Quận Bắc Từ Liêm, Hà Nội",,80.0,150.0,,,Đã có sổ,Đất thổ cư,,
,10.4,"Viên Nội . Vân Nội , Xã Vân Nội, Huyện Đông Anh, Hà Nội",,140.0,74.29,,,Đã có sổ,Đất thổ cư,,
,2.3,"Khu Công Nghiệp Đông Anh, Xã Xuân Nộn, Huyện Đông Anh, Hà Nội",,43.0,53.49,,,Đã có sổ,Đất thổ cư,,
,4.0,"Trục Chính Kinh Doanh - ĐÌNH TRUNG, Xã Xuân Nộn, Huyện Đông Anh, Hà Nội",,60.0,66.67,,,Đã có sổ,Đất thổ cư,,
,15.1,Đường Nguyễn Ngọc Vũ,,91.0,165.93,,,Đã có sổ,Đất thổ cư,,
,2.75,"Tổ 14, Đường Cống Đá, Phường Đồng Mai, Quận Hà Đông, Hà Nội",,34.6,79.48,,,Đã có sổ,Đất thổ cư,,
,3.05,"Đê La Khê, Đê La Khê, Phường Đồng Mai, Quận Hà Đông, Hà Nội",,38.3,79.63,,,Đã có sổ,Đất thổ cư,,
,6.75,"Đường Lê Đức Thọ, Phường Mỹ Đình 2, Quận Nam Từ Liêm, Hà Nội",,35.0,192.86,,,Đã có sổ,Đất thổ cư,,
,10.0,"Đường Xuân Đỉnh, Phường Xuân Đỉnh, Quận Bắc Từ Liêm, Hà Nội",,70.0,142.86,,,Đã có sổ,Đất thổ cư,,
,1.656,"Thái Đường, Xã Hiền Ninh, Huyện Sóc Sơn, Hà Nội",,52.6,31.48,,,Đã có sổ,Đất thổ cư,,
,7.8,"đất dịch vụ 25ha, Xã Vân Canh, Huyện Hoài Đức, Hà Nội",,50.0,156.0,,,Đã có sổ,Đất thổ cư,,
,19.5,"Lh ngay: 0896408668-chính chủ, Đường Giải Phóng, Phường Giáp Bát, Quận Hoàng Mai, Hà Nội",,100.9,193.26,,,Đã có sổ,Đất thổ cư,,
,1.85,"Thôn Hạ, Xã Chuyên Mỹ, Huyện Phú Xuyên, Hà Nội",,100.0,18.5,,,Đã có sổ,Đất thổ cư,,
,2.07,"Ninh Môn, Xã Hiền Ninh, Huyện Sóc Sơn, Hà Nội",,63.0,32.86,,,Đã có sổ,Đất thổ cư,,
,2.28,"Xóm 1, Xã Tự Nhiên, Huyện Thường Tín, Hà Nội",,108.0,21.11,,,Đã có sổ,Đất thổ cư,,
,3.83,"Xâm Động, Xã Vân Tảo, Huyện Thường Tín, Hà Nội",,87.0,44.02,,,Đã có sổ,Đất thổ cư,,
,6.0,"Đường Nguyễn Khoái, Phường Thanh Trì, Quận Hoàng Mai, Hà Nội",,50.0,120.0,,,Đã có sổ,Đất thổ cư,,
,17.1,"Ngõ Thịnh Hào 1, Phường Hàng Bột, Quận Đống Đa, Hà Nội",,66.0,259.09,,,Đã có sổ,Đất thổ cư,,
,3.8,"Đường 422, Thị trấn Trạm Trôi, Huyện Hoài Đức, Hà Nội",,53.6,70.9,,,Đã có sổ,Đất thổ cư,,
,4.16,"Đường Bát Khối, Xã Đông Dư, Huyện Gia Lâm, Hà Nội",,41.0,101.46,,,Đã có sổ,Đất thổ cư,,
,2.85,"Đường Đa Tốn, Xã Đa Tốn, Huyện Gia Lâm, Hà Nội",,32.0,89.06,,,Đã có sổ,Đất thổ cư,,
,2.39,"Nhị Châu, Xã Liên Ninh, Huyện Thanh Trì, Hà Nội",,40.0,59.75,,,Đã có sổ,Đất thổ cư,,
,7.5,"Đường Lê Quang Đạo, Phường Phú Đô, Quận Nam Từ Liêm, Hà Nội",,47.0,159.57,,,Đã có sổ,Đất thổ cư,,
,5.3,"Nhuế, Xã Kim Chung, Huyện Đông Anh, Hà Nội",,100.0,53.0,,,Đã có sổ,Đất thổ cư,,
,11.8,"Đường Lãng Yên, Phường Bạch Đằng, Quận Hai Bà Trưng, Hà Nội",,48.0,245.83,,,Đã có sổ,Đất thổ cư,,
,2.65,"Cổ Loa, Xã Cổ Loa, Huyện Đông Anh, Hà Nội",,50.0,53.0,,,Đã có sổ,Đất thổ cư,,
,1.2,"Đường tỉnh 420, Xã Bình Yên, Huyện Thạch Thất, Hà Nội",,60.0,20.0,,,Đã có sổ,Đất thổ cư,,
,24.8,"Đường La Thành, Phường Ô Chợ Dừa, Quận Đống Đa, Hà Nội",,83.0,298.8,,,Đã có sổ,Đất thổ cư,,
,1.62,"Thư Phú, Xã Thư Phú, Huyện Thường Tín, Hà Nội",,40.0,40.5,,,Đã có sổ,Đất thổ cư,,
,4.9,"Uy Nỗ, Xã Uy Nỗ, Huyện Đông Anh, Hà Nội",,55.0,89.09,,,Đã có sổ,Đất thổ cư,,
,2.8,"Vân Nội, Xã Vân Nội, Huyện Đông Anh, Hà Nội",,50.0,56.0,,,Đã có sổ,Đất thổ cư,,
,10.0,"Đường Phạm Văn Đồng, Phường Xuân Đỉnh, Quận Bắc Từ Liêm, Hà Nội",,75.0,133.33,,,Đã có sổ,Đất thổ cư,,
,12.5,"Đường Xuân Đỉnh, Phường Xuân Đỉnh, Quận Bắc Từ Liêm, Hà Nội",,80.0,156.25,,,Đã có sổ,Đất thổ cư,,
,13.85,"918 gia thụy, Phường Long Biên, Quận Long Biên, Hà Nội",,84.5,163.91,,,Đã có sổ,Đất thổ cư,,
,24.6,"Phố Vũ Tông Phan, Phường Khương Đình, Quận Thanh Xuân, Hà Nội",,132.0,186.36,,,Đã có sổ,Đất thổ cư,,
,1.88,"Cầu Long Biên, Phường Ngọc Thụy, Quận Long Biên, Hà Nội",,840.0,2.24,,,Giấy tờ viết tay,Đất nông nghiệp,,
,4.5,"nhị châu, Xã Liên Ninh, Huyện Thanh Trì, Hà Nội",,100.0,45.0,,,Đã có sổ,Đất thổ cư,,
,2.95,"Văn Hội, Xã Đại Thắng, Huyện Phú Xuyên, Hà Nội",,98.0,30.1,,,Đã có sổ,Đất thổ cư,,
,12.45,"Phố Hoàng Công, Phường Kiến Hưng, Quận Hà Đông, Hà Nội",,63.2,196.99,,,Đã có sổ,Đất thổ cư,,
,20.9,"Thạch Cầu, Phường Thạch Bàn, Quận Long Biên, Hà Nội",,210.0,99.52,,,Đã có sổ,Đất thổ cư,,
,2.85,"Xóm Đường, Xã Đại Yên, Huyện Chương Mỹ, Hà Nội",,60.0,47.5,,,Đã có sổ,Đất thổ cư,,
,4.5,"Đường Bắc Cầu, Phường Ngọc Thụy, Quận Long Biên, Hà Nội",,63.0,71.43,,,Đã có sổ,Đất thổ cư,,
,6.7,"Phố Gia Quất, Phường Thượng Thanh, Quận Long Biên, Hà Nội",,39.0,171.79,,,Đã có sổ,Đất thổ cư,,
,2.3,"Liên Xã, Xã Hiền Giang, Huyện Thường Tín, Hà Nội",,56.0,41.07,,,Đã có sổ,Đất thổ cư,,
,2.8,"Đồng Táng, Xã Đồng Trúc, Huyện Thạch Thất, Hà Nội",,101.5,27.59,,,Đã có sổ,Đất thổ cư,,
,2.4,"Đồng Lệ, Xã Hợp Đồng, Huyện Chương Mỹ, Hà Nội",,65.0,36.92,,,Đã có sổ,Đất thổ cư,,
,14.5,"Phố Hồng Tiến, Phường Bồ Đề, Quận Long Biên, Hà Nội",,108.0,134.26,,,Đã có sổ,Đất thổ cư,,
,4.15,"Cổ Loa, Xã Cổ Loa, Huyện Đông Anh, Hà Nội",,52.0,79.81,,,Đã có sổ,Đất thổ cư,,
,18.9,"Đường Cổ Linh, Phường Thạch Bàn, Quận Long Biên, Hà Nội",,90.0,210.0,,,Đã có sổ,Đất nền dự án,,
,3.9,"Thôn Đoài, Xã Nam Hồng, Huyện Đông Anh, Hà Nội",,57.0,68.42,,,Đã có sổ,Đất thổ cư,,
,5.8,"Đường Bắc Thăng Long - Hải Bối, Xã Hải Bối, Huyện Đông Anh, Hà Nội",,72.0,80.56,,,Đã có sổ,Đất thổ cư,,
,4.0,"Vân Nội, Xã Vân Nội, Huyện Đông Anh, Hà Nội",,54.0,74.07,,,Đã có sổ,Đất thổ cư,,
,8.5,"Tuân Lề, Xã Tiên Dương, Huyện Đông Anh, Hà Nội",,91.0,93.41,,,Đã có sổ,Đất thổ cư,,
,9.1,"Lương Nỗ, Xã Tiên Dương, Huyện Đông Anh, Hà Nội",,106.0,85.85,,,Đã có sổ,Đất thổ cư,,
,5.7,"Tiên Kha, Xã Tiên Dương, Huyện Đông Anh, Hà Nội",,70.0,81.43,,,Đã có sổ,Đất thổ cư,,
,6.1,"Cổ Loa, Xã Cổ Loa, Huyện Đông Anh, Hà Nội",,126.0,48.41,,,Đã có sổ,Đất thổ cư,,
,5.5,"Trung Oai, Xã Tiên Dương, Huyện Đông Anh, Hà Nội",,66.0,83.33,,,Đã có sổ,Đất thổ cư,,
,4.75,"Đại Bằng, Xã Nguyên Khê, Huyện Đông Anh, Hà Nội",,72.0,65.97,,,Đã có sổ,Đất thổ cư,,
,2.75,"Đường Lệ Chi, Xã Lệ Chi, Huyện Gia Lâm, Hà Nội",,47.0,58.51,,,Đã có sổ,Đất thổ cư,,
,3.23,"Đội 2, Xã Tân Xã, Huyện Thạch Thất, Hà Nội",,86.8,37.21,,,Đã có sổ,Đất thổ cư,,
,4.5,"Phố Hà Trì, Phường Hà Cầu, Quận Hà Đông, Hà Nội",,45.0,100.0,,,Đã có sổ,Đất thổ cư,,
,2.72,"Liên Xã, Phường Đồng Mai, Quận Hà Đông, Hà Nội",,43.0,63.26,,,Đã có sổ,Đất thổ cư,,
,3.5,"Thôn 2, Phú Cát, Xã Phú Cát, Huyện Quốc Oai, Hà Nội",,310.3,11.28,,,Đã có sổ,Đất thổ cư,,
,1.98,"NGÕ 73 KẺ VẼ, Phố Kẻ Vẽ, Phường Đông Ngạc, Quận Bắc Từ Liêm, Hà Nội",,95.0,20.84,,,Sổ chung / công chứng vi bằng,Đất thổ cư,,
,2.35,"Đồng Lạc , Xã Tiên Dược, Huyện Sóc Sơn, Hà Nội",,88.0,26.7,,,Đã có sổ,Đất thổ cư,,
,4.6,"Phố Đại Linh, Phường Trung Văn, Quận Nam Từ Liêm, Hà Nội",,53.0,86.79,,,Đã có sổ,Đất thổ cư,,
du_an,price_VND,location,status,area,price_m2,toilet,room,doc,type,Số tầng,furnishing
,4.6,"Phố Đại Linh, Phường Trung Văn, Quận Nam Từ Liêm, Hà Nội",,53.0,86.79,,,Đã có sổ,Đất thổ cư,,
,8.755,"Đường Thụy Phương, Phường Thụy Phương, Quận Bắc Từ Liêm, Hà Nội",,52.0,168.37,,,Đã có sổ,Đất thổ cư,,
,5.5,"Ngõ 79 An Dương Vương, Phường Phú Thượng, Quận Tây Hồ, Hà Nội",,47.2,116.53,,,Đã có sổ,Đất thổ cư,,
,5.2,"Phố Trần Bình, Phường Mai Dịch, Quận Cầu Giấy, Hà Nội",,30.3,171.62,,,Đã có sổ,Đất thổ cư,,
,6.155,"Phố Phú Đô, Phường Phú Đô, Quận Nam Từ Liêm, Hà Nội",,45.0,136.78,,,Đã có sổ,Đất thổ cư,,
,5.0,"Đường Đa Sỹ, Phường Kiến Hưng, Quận Hà Đông, Hà Nội",,53.0,94.34,,,Đã có sổ,Đất thổ cư,,
,3.981,"Trục chính liên xã, Xã Đông Yên, Huyện Quốc Oai, Hà Nội",,204.2,19.5,,,Đã có sổ,Đất thổ cư,,
,1.4,"Thanh Trí, Xã Minh Phú, Huyện Sóc Sơn, Hà Nội",,73.0,19.18,,,Đã có sổ,Đất thổ cư,,
,2.25,"Nhị Khê, Xã Nhị Khê, Huyện Thường Tín, Hà Nội",,43.0,52.33,,,Đã có sổ,Đất thổ cư,,
,12.9,"Đường Bát Khối, Phường Long Biên, Quận Long Biên, Hà Nội",,114.0,113.16,,,Đã có sổ,Đất thổ cư,,
,0.014,"Quỳnh Đô, Xã Vĩnh Quỳnh, Huyện Thanh Trì, Hà Nội",,127.0,0.110236,,,Giấy tờ viết tay,Đất nông nghiệp,,
,4.0,"Đường Bát Khối, Phường Long Biên, Quận Long Biên, Hà Nội",,48.0,83.33,,,Đã có sổ,Đất thổ cư,,
,13.0,"Phố Hoàng Công, Phường Kiến Hưng, Quận Hà Đông, Hà Nội",,65.0,200.0,,,Đã có sổ,Đất nền dự án,,
,9.2,"Hữu Lê, Xã Hữu Hoà, Huyện Thanh Trì, Hà Nội",,45.0,204.44,,,Đã có sổ,Đất thổ cư,,
,14.0,"Đường Xuân Đỉnh, Phường Xuân Đỉnh, Quận Bắc Từ Liêm, Hà Nội",,80.0,175.0,,,Đã có sổ,Đất thổ cư,,
,1.9,"Đồng Trạng, Xã Cổ Đông, Thị xã Sơn Tây, Hà Nội",,60.0,31.67,,,Đã có sổ,Đất nền dự án,,
,1.9,"Tiểu Khu Đông Đoài, Thị trấn Phú Xuyên, Huyện Phú Xuyên, Hà Nội",,68.0,27.94,,,Đã có sổ,Đất thổ cư,,
,8.99,"Đường Lê Trọng Tấn, Phường La Khê, Quận Hà Đông, Hà Nội",,57.0,157.72,,,Đã có sổ,Đất thổ cư,,
,0.95,"Thôn Hạnh Bồ, Xã Nam Phương Tiến, Huyện Chương Mỹ, Hà Nội",,36.0,26.39,,,Đã có sổ,Đất thổ cư,,
,8.0,"Đường Vạn Phúc, Phường Vạn Phúc, Quận Hà Đông, Hà Nội",,51.0,156.86,,,Đã có sổ,Đất thổ cư,,
,8.0,"Đường Vạn Phúc, Phường Vạn Phúc, Quận Hà Đông, Hà Nội",,51.0,156.86,,,Đã có sổ,Đất thổ cư,,
,4.8,"HỒ CHÍ MINH , Xã Phú Mãn, Huyện Quốc Oai, Hà Nội",,350.0,13.71,,,Đã có sổ,Đất thổ cư,,
,3.9,"Đường Nguyễn Đức Thuận, Thị trấn Trâu Quỳ, Huyện Gia Lâm, Hà Nội",,98.0,39.8,,,Đã có sổ,Đất thổ cư,,
,1.36,"Liên Thôn , Xã Chương Dương, Huyện Thường Tín, Hà Nội",,48.0,28.33,,,Đã có sổ,Đất thổ cư,,
,1.78,"Liên Thôn , Xã Thư Phú, Huyện Thường Tín, Hà Nội",,55.0,32.36,,,Đã có sổ,Đất thổ cư,,
,3.72,"Đường Đại lộ Thăng Long, Xã Vân Côn, Huyện Hoài Đức, Hà Nội",,60.0,62.0,,,Đã có sổ,Đất thổ cư,,
,7.2,"Phố Trương Công Định, Phường Yết Kiêu, Quận Hà Đông, Hà Nội",,51.0,141.18,,,Đã có sổ,Đất thổ cư,,
,6.3,"Đường Khu B Viện Rau quả, Thị trấn Trâu Quỳ, Huyện Gia Lâm, Hà Nội",,70.0,90.0,,,Đã có sổ,Đất thổ cư,,
,30.0,"Đường Lê Trọng Tấn, Phường La Khê, Quận Hà Đông, Hà Nội",,110.0,272.73,,,Đã có sổ,Đất thổ cư,,
,3.6,"Đại Đồng, Xã Đại Mạch, Huyện Đông Anh, Hà Nội",,81.0,44.44,,,Đã có sổ,Đất thổ cư,,
,4.4,"Bãi Chạo, Xã Kim Chung, Huyện Đông Anh, Hà Nội",,60.0,73.33,,,Đã có sổ,Đất thổ cư,,
,1.7,"quốc lộ 16, Xã Đông Xuân, Huyện Sóc Sơn, Hà Nội",,98.0,17.35,,,Đã có sổ,Đất thổ cư,,
,2.8,"NGUYEN VAN CU, Xã Uy Nỗ, Huyện Đông Anh, Hà Nội",,40.0,70.0,,,Đã có sổ,Đất thổ cư,,
,2.375,"Chương Dương, Xã Chương Dương, Huyện Thường Tín, Hà Nội",,85.0,27.94,,,Đã có sổ,Đất thổ cư,,
,7.7,"DH01, Xã Hòa Thạch, Huyện Quốc Oai, Hà Nội",,1135.0,6.78,,,Đã có sổ,Đất thổ cư,,
,1.95,"Đường cao tốc Hà Nội - Lào Cai, Xã Hiền Ninh, Huyện Sóc Sơn, Hà Nội",,56.0,34.82,,,Đã có sổ,Đất thổ cư,,
,2.8,"Đường Võ Nguyên Giáp, Xã Nguyên Khê, Huyện Đông Anh, Hà Nội",,41.0,68.29,,,Đã có sổ,Đất thổ cư,,
,3.68,"TT QUANG MINH, Thị trấn Quang Minh, Huyện Mê Linh, Hà Nội",,115.0,32.0,,,Đã có sổ,Đất thổ cư,,
,5.9,"Đường cao tốc Hà Nội - Hải Phòng, Xã Kiêu Kỵ, Huyện Gia Lâm, Hà Nội",,150.0,39.33,,,Đã có sổ,Đất thổ cư,,
,9.1,"Phường Thạch Bàn, Long Biên, Hà Nội",,60.0,151.67,,,Đã có sổ,Đất thổ cư,,
,1.03,"Duyên Yết, Xã Hồng Thái, Huyện Phú Xuyên, Hà Nội",,71.0,14.51,,,Đã có sổ,Đất thổ cư,,
,15.5,"Phố Phú Đô, Phường Phú Đô, Quận Nam Từ Liêm, Hà Nội",,96.0,161.46,,,Đã có sổ,Đất thổ cư,,
,2.6,Đường Kiêu Kỵ,,46.3,56.16,,,Đã có sổ,Đất thổ cư,,
,2.88,"Hồng Vân, Xã Hồng Vân, Huyện Thường Tín, Hà Nội",,67.0,42.99,,,Đã có sổ,Đất thổ cư,,
,5.6,"Đường Ngô Gia Tự, Phường Đức Giang, Quận Long Biên, Hà Nội",,70.0,80.0,,,Đã có sổ,Đất thổ cư,,
,8.0,"Đường Đa Tốn, Xã Đa Tốn, Huyện Gia Lâm, Hà Nội",,160.0,50.0,,,Đã có sổ,Đất thổ cư,,
,5.666,"Đường Quang Trung, Phường Quang Trung, Quận Hà Đông, Hà Nội",,50.0,113.33,,,Đã có sổ,Đất thổ cư,,
,2.25,"quyết tiến 1 , Xã Vân Côn, Huyện Hoài Đức, Hà Nội",,50.0,45.0,,,Đã có sổ,Đất thổ cư,,
,1.43,"Đông Đoài, Thị trấn Phú Xuyên, Huyện Phú Xuyên, Hà Nội",,56.0,25.54,,,Đã có sổ,Đất thổ cư,,
,8.0,"Ngách 98/147 Đàm Quang Trung, Phường Bồ Đề, Quận Long Biên, Hà Nội",,51.0,156.86,,,Đã có sổ,Đất thổ cư,,
,5.7,"Đường Thuỵ Lâm, Xã Thuỵ Lâm, Huyện Đông Anh, Hà Nội",,88.0,64.77,,,Đã có sổ,Đất thổ cư,,
,5.15,"thanh am, Phường Ngọc Thụy, Quận Long Biên, Hà Nội",,32.0,160.94,,,Đã có sổ,Đất thổ cư,,
,3.9,"thanh am, Phường Thượng Thanh, Quận Long Biên, Hà Nội",,30.0,130.0,,,Đã có sổ,Đất thổ cư,,
,8.6,"Phố Vũ Trọng Khánh, Phường Mộ Lao, Quận Hà Đông, Hà Nội",,43.2,199.07,,,Đã có sổ,Đất thổ cư,,
,13.8,"Phố Tư Đình, Phường Long Biên, Quận Long Biên, Hà Nội",,61.0,226.23,,,Đã có sổ,Đất thổ cư,,
,5.3,"đông hội, Xã Đông Hội, Huyện Đông Anh, Hà Nội",,51.0,103.92,,,Đã có sổ,Đất thổ cư,,
,3.55,"nguyên khê, đông anh, hà nội, Phường Bồ Đề, Quận Long Biên, Hà Nội",,45.0,78.89,,,Đã có sổ,Đất thổ cư,,
,0.63,"Bạch Tuyết- Hùng Tiến- Mỹ Đức - Hà nội , Xã Hùng Tiến, Huyện Mỹ Đức, Hà Nội",,62.8,10.03,,,Đã có sổ,Đất thổ cư,,
,1.59,"Ninh Môn, Xã Hiền Ninh, Huyện Sóc Sơn, Hà Nội",,52.1,30.52,,,Đã có sổ,Đất thổ cư,,
,64.0,"Phố Quảng Khánh, Phường Quảng An, Quận Tây Hồ, Hà Nội",,100.0,640.0,,,Đã có sổ,Đất thổ cư,,
,5.8,"Đường 25M Cự Khối, Phường Cự Khối, Quận Long Biên, Hà Nội",,38.0,152.63,,,Đã có sổ,Đất thổ cư,,
,0.55,"Hiền Lương - an Tiến - Mỹ Đức - Hà Nội , Xã An Tiến, Huyện Mỹ Đức, Hà Nội",,63.4,8.68,,,Đã có sổ,Đất thổ cư,,
,1.33,"nam tiến, Xã Nam Phương Tiến, Huyện Chương Mỹ, Hà Nội",,156.0,8.53,,,Đã có sổ,Đất thổ cư,,
,3.47,"Quan Âm, Xã Bắc Hồng, Huyện Đông Anh, Hà Nội",,63.0,55.08,,,Đã có sổ,Đất thổ cư,,
,3.9,"Võ Văn Kiệt, Xã Nam Hồng, Huyện Đông Anh, Hà Nội",,63.0,61.9,,,Đã có sổ,Đất thổ cư,,
,0.72,"422, Xã Sài Sơn, Huyện Quốc Oai, Hà Nội",,240.0,3.0,,,Đã có sổ,Đất nông nghiệp,,
,7.2,"Phố Võng Thị, Phường Bưởi, Quận Tây Hồ, Hà Nội",,50.0,144.0,,,Đã có sổ,Đất thổ cư,,
,13.0,"Đường Nguyễn Quý Đức, Phường Thanh Xuân Bắc, Quận Thanh Xuân, Hà Nội",,50.0,260.0,,,Đã có sổ,Đất thổ cư,,
,8.2,"Phố Tân Mai, Phường Tân Mai, Quận Hoàng Mai, Hà Nội",,60.0,136.67,,,Đã có sổ,Đất thổ cư,,
,5.1,"quốc lộ 21, Xã Phú Cát, Huyện Quốc Oai, Hà Nội",,300.0,17.0,,,Đã có sổ,Đất thổ cư,,
,12.5,"Đường Phạm Văn Đồng, Phường Xuân Đỉnh, Quận Bắc Từ Liêm, Hà Nội",,80.0,156.25,,,Đã có sổ,Đất thổ cư,,
,6.75,"Quốc Lộ 3, Xã Mai Lâm, Huyện Đông Anh, Hà Nội",,56.0,120.54,,,Đã có sổ,Đất thổ cư,,
,5.0,"Phú Mãn, Xã Phú Mãn, Huyện Quốc Oai, Hà Nội",,300.0,16.67,,,Đã có sổ,Đất thổ cư,,
,6.0,"T, Thị trấn Trâu Quỳ, Huyện Gia Lâm, Hà Nội",,40.0,150.0,,,Đã có sổ,Đất nền dự án,,
,10.5,"Đường Cổ Bi, Xã Cổ Bi, Huyện Gia Lâm, Hà Nội",,92.0,114.13,,,Đã có sổ,Đất thổ cư,,
,6.32,"Phố Nguyễn Mậu Tài, Thị trấn Trâu Quỳ, Huyện Gia Lâm, Hà Nội",,40.0,158.0,,,Đã có sổ,Đất thổ cư,,
,5.55,"Ngõ 367 phố Ngô Xuân Quảng, Thị trấn Trâu Quỳ, Huyện Gia Lâm, Hà Nội",,46.3,119.87,,,Đã có sổ,Đất thổ cư,,
,3.95,"Đường Đào Xuyên, Thị trấn Trâu Quỳ, Huyện Gia Lâm, Hà Nội",,53.0,74.53,,,Đã có sổ,Đất thổ cư,,
,2.18,"Đình Trung, Xã Xuân Nộn, Huyện Đông Anh, Hà Nội",,59.0,36.95,,,Đã có sổ,Đất thổ cư,,
,7.2,"Phố trạm, Phường Long Biên, Quận Long Biên, Hà Nội",,50.0,144.0,,,Đã có sổ,Đất thổ cư,,
,2.25,"Bắc Hạ, Xã Quang Tiến, Huyện Sóc Sơn, Hà Nội",,81.0,27.78,,,Đã có sổ,Đất thổ cư,,
,2.25,"đường làng, Xã Khánh Hà, Huyện Thường Tín, Hà Nội",,50.0,45.0,,,Đã có sổ,Đất thổ cư,,
,3.1,"Trường Bắn Hoà Thạch, Xã Hòa Thạch, Huyện Quốc Oai, Hà Nội",,344.2,9.01,,,Đã có sổ,Đất thổ cư,,
,13.3,"Đường Võ Chí Công, Phường Nghĩa Đô, Quận Cầu Giấy, Hà Nội",,74.0,179.73,,,Đã có sổ,Đất thổ cư,,
,14.85,"Đường Văn Minh, Xã Di Trạch, Huyện Hoài Đức, Hà Nội",,99.0,150.0,,,Đã có sổ,Đất nền dự án,,
,13.875,"32, Thị trấn Trạm Trôi, Huyện Hoài Đức, Hà Nội",,92.5,150.0,,,Đã có sổ,Đất nền dự án,,
,19.0,"Đường Ngọc Thụy, Phường Ngọc Thụy, Quận Long Biên, Hà Nội",,108.0,175.93,,,Đã có sổ,Đất thổ cư,,
,6.23,"32, Thị trấn Trạm Trôi, Huyện Hoài Đức, Hà Nội",,41.0,151.95,,,Đã có sổ,Đất thổ cư,,
,2.83,"Dân sinh, Thị trấn Quang Minh, Huyện Mê Linh, Hà Nội",,60.0,47.17,,,Đã có sổ,Đất thổ cư,,
,2.3,"Dân sinh, Thị trấn Quang Minh, Huyện Mê Linh, Hà Nội",,60.0,38.33,,,Đã có sổ,Đất thổ cư,,
,2.1,"Thái lai , Xã Minh Trí, Huyện Sóc Sơn, Hà Nội",,107.0,19.63,,,Đã có sổ,Đất thổ cư,,
,2.68,"Đường Đồng Dương, Phường Đồng Mai, Quận Hà Đông, Hà Nội",,43.0,62.33,,,Đã có sổ,Đất thổ cư,,
,1.85,"Thao Chính, Thị trấn Phú Xuyên, Huyện Phú Xuyên, Hà Nội",,50.0,37.0,,,Đã có sổ,Đất thổ cư,,
,1.95,"Đê Tả Đáy, Phường Đồng Mai, Quận Hà Đông, Hà Nội",,32.0,60.94,,,Đã có sổ,Đất thổ cư,,
,9.65,"Võ Nguyên Giáp, Xã Vĩnh Ngọc, Huyện Đông Anh, Hà Nội",,62.0,155.65,,,Đã có sổ,Đất thổ cư,,
,6.8,"liên ninh, Xã Liên Ninh, Huyện Thanh Trì, Hà Nội",,56.0,121.43,,,Đã có sổ,Đất thổ cư,,
,0.65,"Ngõ 47 Nam Dư, Phường Lĩnh Nam, Quận Hoàng Mai, Hà Nội",,330.0,1.97,,,Đã có sổ,Đất nông nghiệp,,
,6.2,"LH ngay: 0962613646, Quốc Lộ 21, Xã Cổ Đông, Thị xã Sơn Tây, Hà Nội",,172.5,35.94,,,Đã có sổ,Đất thổ cư,,
,11.7,"Đường Hòa Bình, Phường Yên Nghĩa, Quận Hà Đông, Hà Nội",,305.0,38.36,,,Đã có sổ,Đất thổ cư,,
,5.5,"Nghĩa lộ, Phường Yên Nghĩa, Quận Hà Đông, Hà Nội",,37.0,148.65,,,Đã có sổ,Đất thổ cư,,
du_an,price_VND,location,status,area,price_m2,toilet,room,doc,type,Số tầng,furnishing
,14.5,"Phố Xuân Đỉnh , Phường Xuân La, Quận Tây Hồ, Hà Nội",,200.0,72.5,,,Đã có sổ,Đất thổ cư,,
,17.2,"Đường vành đai 3,5, Xã Di Trạch, Huyện Hoài Đức, Hà Nội",,130.0,132.31,,,Đã có sổ,Đất thổ cư,,
,13.6,"3,5, Xã Di Trạch, Huyện Hoài Đức, Hà Nội",,95.0,143.16,,,Đã có sổ,Đất thổ cư,,
,1.8,"Đồng Phú , Xã Đồng Phú, Huyện Chương Mỹ, Hà Nội",,160.0,11.25,,,Đã có sổ,Đất thổ cư,,
,4.0,"Phố Xuân Đỉnh , Phường Xuân La, Quận Tây Hồ, Hà Nội",,100.0,40.0,,,Đã có sổ,Đất thổ cư,,
,2.85,"Phố An Dương, Phường Yên Phụ, Quận Tây Hồ, Hà Nội",,55.0,51.82,,,Đã có sổ,Đất thổ cư,,
,2.85,"Phố An Dương, Phường Yên Phụ, Quận Tây Hồ, Hà Nội",,55.0,51.82,,,Đã có sổ,Đất thổ cư,,
,1.85,"Phố Thúy Lĩnh, Phường Lĩnh Nam, Quận Hoàng Mai, Hà Nội",,46.0,40.22,,,Đang chờ sổ,Đất thổ cư,,
,10.075,Bãi Dài,,403.0,25.0,,,Đã có sổ,Đất thổ cư,,
,1.68,"Mai Xá, Xã Thắng Lợi, Huyện Thường Tín, Hà Nội",,50.0,33.6,,,Đã có sổ,Đất thổ cư,,
,5.8,"Đường Tây Mỗ, Phường Tây Mỗ, Quận Nam Từ Liêm, Hà Nội",,52.0,111.54,,,Đã có sổ,Đất thổ cư,,
,2.75,"Đường Việt Hùng, Xã Việt Hùng, Huyện Đông Anh, Hà Nội",,48.0,57.29,,,Đã có sổ,Đất thổ cư,,
,5.8,"Đường Tây Mỗ, Phường Tây Mỗ, Quận Nam Từ Liêm, Hà Nội",,50.0,116.0,,,Đã có sổ,Đất thổ cư,,
,2.6,"Trán Voi, Xã Phú Mãn, Huyện Quốc Oai, Hà Nội",,101.0,25.74,,,Đã có sổ,Đất thổ cư,,
,3.175,"Trán Voi, Xã Phú Mãn, Huyện Quốc Oai, Hà Nội",,127.5,24.9,,,Đã có sổ,Đất thổ cư,,
,4.5,"Trán Voi, Xã Phú Mãn, Huyện Quốc Oai, Hà Nội",,252.0,17.86,,,Đã có sổ,Đất thổ cư,,
,2.6,"Trán Voi, Xã Phú Mãn, Huyện Quốc Oai, Hà Nội",,100.0,26.0,,,Đã có sổ,Đất thổ cư,,
,2.3,"Đá Thâm, Xã Đông Xuân, Huyện Quốc Oai, Hà Nội",,158.0,14.56,,,Đã có sổ,Đất thổ cư,,
,1.8,"68, Phú Hiền, Xã Hợp Thanh, Huyện Mỹ Đức, Hà Nội",,183.0,9.84,,,Đã có sổ,Đất thổ cư,,
,3.9,"Số 51 ngõ 25, Chùa Thông, Phường Trung Hưng, Thị xã Sơn Tây, Hà Nội",,154.0,25.32,,,Đã có sổ,Đất thổ cư,,
,6.05,"Vân trì, Xã Vân Nội, Huyện Đông Anh, Hà Nội",,68.8,87.94,,,Đã có sổ,Đất thổ cư,,
,3.94,"14, Xã Minh Phú, Huyện Sóc Sơn, Hà Nội",,108.0,36.48,,,Đã có sổ,Đất thổ cư,,
,10.5,"Hoàng Văn Thái, Phường Khương Đình, Quận Thanh Xuân, Hà Nội",,50.0,210.0,,,Đã có sổ,Đất nền dự án,,
,4.13,"134, Đường Hòa Bình, Phường Yên Nghĩa, Quận Hà Đông, Hà Nội",,59.0,70.0,,,Đã có sổ,Đất thổ cư,,
,1.96,"Đường 419, Thị trấn Chúc Sơn, Huyện Chương Mỹ, Hà Nội",,47.0,41.7,,,Đã có sổ,Đất thổ cư,,
,2.33,"A , Xã Phú Mãn, Huyện Quốc Oai, Hà Nội",,80.0,29.12,,,Đã có sổ,Đất thổ cư,,
,2.35,"Đường Cự Khối, Phường Cự Khối, Quận Long Biên, Hà Nội",,50.0,47.0,,,Đã có sổ,Đất thổ cư,,
,1.159,"tân xã, Xã Tân Xã, Huyện Thạch Thất, Hà Nội",,96.0,12.07,,,Đã có sổ,Đất thổ cư,,
,2.0,"Đường tỉnh 420, Xã Bình Yên, Huyện Thạch Thất, Hà Nội",,90.0,22.22,,,Đã có sổ,Đất nền dự án,,
,6.0,"Đường Tân Triều, Xã Tân Triều, Huyện Thanh Trì, Hà Nội",,54.0,111.11,,,Đã có sổ,Đất thổ cư,,
,9.98,"Phố Phú Lương, Phường Phú Lương, Quận Hà Đông, Hà Nội",,63.0,158.41,,,Đã có sổ,Đất nền dự án,,
,2.175,ĐT 420,,75.0,29.0,,,Đã có sổ,Đất thổ cư,,
,3.128,Đồng Chằm,,100.0,31.28,,,Đã có sổ,Đất thổ cư,,
,13.9,"Phố Định Công, Phường Định Công, Quận Hoàng Mai, Hà Nội",,85.0,163.53,,,Đã có sổ,Đất thổ cư,,
,2.975,"Nghĩa Hương, Xã Nghĩa Hương, Huyện Quốc Oai, Hà Nội",,170.0,17.5,,,Đã có sổ,Đất thổ cư,,
,9.98,"Quốc Lộ 21B, Phường Phú Lương, Quận Hà Đông, Hà Nội",,63.0,158.41,,,Đã có sổ,Đất thổ cư,,
,1.3,"đường 21, Xã Cổ Đông, Thị xã Sơn Tây, Hà Nội",,60.0,21.67,,,Đã có sổ,Đất thổ cư,,
,6.2,"Đường Bát Khối, Phường Thạch Bàn, Quận Long Biên, Hà Nội",,55.0,112.73,,,Đã có sổ,Đất thổ cư,,
,8.56,Đồng Bèn,,615.0,13.92,,,Đã có sổ,Đất thổ cư,,
,1.4,"Thúy Lĩnh, Phường Lĩnh Nam, Quận Hoàng Mai, Hà Nội",,4000.0,0.35,,,Đang chờ sổ,Đất nông nghiệp,,
,9.5,"Đường Châu Văn Liêm, Phường Phú Đô, Quận Nam Từ Liêm, Hà Nội",,189.0,50.26,,,Không có sổ,Đất thổ cư,,
,4.7,"19, Đường Đại Cát, Phường Liên Mạc, Quận Bắc Từ Liêm, Hà Nội",,58.0,81.03,,,Đã có sổ,Đất thổ cư,,
,5.3,"Đông Thiên, Phường Vĩnh Hưng, Quận Hoàng Mai, Hà Nội",,164.0,32.32,,,Giấy tờ viết tay,Đất thổ cư,,
,1.95,"Thanh Trí, Xã Minh Phú, Huyện Sóc Sơn, Hà Nội",,127.0,15.35,,,Đã có sổ,Đất thổ cư,,
,56.0,"Láng hạ, Phường Láng Hạ, Quận Đống Đa, Hà Nội",,140.0,400.0,,,Đã có sổ,Đất thổ cư,,
,20.5,"Tứ Hiệp, Xã Tứ Hiệp, Huyện Thanh Trì, Hà Nội",,120.0,170.83,,,Đã có sổ,Đất thổ cư,,
,1.43,"Thôn Hội, Xã Văn Hoàng, Huyện Phú Xuyên, Hà Nội",,82.0,17.44,,,Đã có sổ,Đất thổ cư,,
,4.85,"Đại Áng Thanh Trì Hà Nội, Xã Đại áng, Huyện Thanh Trì, Hà Nội",,73.0,66.44,,,Đã có sổ,Đất thổ cư,,
,1.45,"Thôn Hội, Xã Văn Hoàng, Huyện Phú Xuyên, Hà Nội",,83.0,17.47,,,Đã có sổ,Đất thổ cư,,
,1.76,"Vịnh Lộc, Xã Thư Phú, Huyện Thường Tín, Hà Nội",,50.0,35.2,,,Đã có sổ,Đất thổ cư,,
,0.68,"Bạch Hạ, Xã Bạch Hạ, Huyện Phú Xuyên, Hà Nội",,40.0,17.0,,,Đã có sổ,Đất thổ cư,,
,9.1,"Đường Thạch Bàn, Phường Thạch Bàn, Quận Long Biên, Hà Nội",,78.0,116.67,,,Đã có sổ,Đất nền dự án,,
,5.313,"Đường Trâu Quỳ, Thị trấn Trâu Quỳ, Huyện Gia Lâm, Hà Nội",,34.5,154.0,,,Đã có sổ,Đất thổ cư,,
,9.5,"Phố Ngọc Lâm, Phường Ngọc Lâm, Quận Long Biên, Hà Nội",,52.0,182.69,,,Đã có sổ,Đất thổ cư,,
,3.48,"Thúy LĨnh, Phường Lĩnh Nam, Quận Hoàng Mai, Hà Nội",,40.0,87.0,,,Đã có sổ,Đất thổ cư,,
,1.9,"Quảng Hội, Xã Quang Tiến, Huyện Sóc Sơn, Hà Nội",,54.2,35.06,,,Đã có sổ,Đất thổ cư,,
,8.2,"Đường Hoàng Mai, Phường Mai Động, Quận Hoàng Mai, Hà Nội",,80.0,102.5,,,Đã có sổ,Đất thổ cư,,
,6.99,"Thôn Cam, Xã Cổ Bi, Huyện Gia Lâm, Hà Nội",,69.9,100.0,,,Đã có sổ,Đất thổ cư,,
,11.5,"Đường Lai Xá, Xã Kim Chung, Huyện Hoài Đức, Hà Nội",,75.0,153.33,,,Đã có sổ,Đất nền dự án,,
,16.0,"Phố Minh Khai, Phường Minh Khai, Quận Hai Bà Trưng, Hà Nội",,100.0,160.0,,,Đã có sổ,Đất thổ cư,,
,3.42,"Gần Vành Đai 4, Xã Khánh Hà, Huyện Thường Tín, Hà Nội",,950.0,3.6,,,Đã có sổ,Đất nông nghiệp,,
,11.0,"8, 429, Thị trấn Phú Minh, Huyện Phú Xuyên, Hà Nội",,182.0,60.44,,,Đã có sổ,Đất thổ cư,,
,6.3,"Đường Kim Giang, Phường Đại Kim, Quận Hoàng Mai, Hà Nội",,41.0,153.66,,,Đã có sổ,Đất thổ cư,,
,1.55,"131, Xã Hiền Ninh, Huyện Sóc Sơn, Hà Nội",,52.1,29.75,,,Đã có sổ,Đất thổ cư,,
,2.4,"01 thôn phú túc, Đường Thanh Niên, Xã Phú Túc, Huyện Phú Xuyên, Hà Nội",,80.0,30.0,,,Đang chờ sổ,Đất thổ cư,,
,45.0,"Đường Bưởi, Phường Vĩnh Phúc, Quận Ba Đình, Hà Nội",,400.0,112.5,,,Đã có sổ,Đất thổ cư,,
,2.78,"Đường Võ Nguyên Giáp, Xã Nguyên Khê, Huyện Đông Anh, Hà Nội",,41.5,67.0,,,Đã có sổ,Đất thổ cư,,
,0.0995,"thôn Yên Quán, Xã Tân Phú, Huyện Quốc Oai, Hà Nội",,94.0,1.06,,,Đang chờ sổ,Đất thổ cư,,
,2.4,"quốc lộ 21, Xã Cổ Đông, Thị xã Sơn Tây, Hà Nội",,90.0,26.67,,,Đã có sổ,Đất nền dự án,,
,3.5,"Đường Làng Văn hóa, Xã Tiến Xuân, Huyện Thạch Thất, Hà Nội",,158.0,22.15,,,Đã có sổ,Đất thổ cư,,
,5.0,"Đường cao tốc Hà Nội - Hải Phòng, Xã Kiêu Kỵ, Huyện Gia Lâm, Hà Nội",,65.0,76.92,,,Đã có sổ,Đất thổ cư,,
,2.6,"Phố Yên Lộ, Phường Yên Nghĩa, Quận Hà Đông, Hà Nội",,38.0,68.42,,,Đã có sổ,Đất thổ cư,,
,2.5,"Phố Yên Lộ, Phường Yên Nghĩa, Quận Hà Đông, Hà Nội",,36.0,69.44,,,Đã có sổ,Đất thổ cư,,
,6.6,"Đường Ngô Quyền, Phường La Khê, Quận Hà Đông, Hà Nội",,47.0,140.43,,,Đã có sổ,Đất thổ cư,,
,6.0,"Đường Ngọc Hồi, Phường Hoàng Liệt, Quận Hoàng Mai, Hà Nội",,50.0,120.0,,,Đã có sổ,Đất thổ cư,,
,6.4,"27d, Đường Phạm Văn Nghị, Phường Cổ Nhuế 2, Quận Bắc Từ Liêm, Hà Nội",,32.4,197.53,,,Đã có sổ,Đất thổ cư,,
,3.2,"Đường Kiêu Kỵ, Xã Kiêu Kỵ, Huyện Gia Lâm, Hà Nội",,42.0,76.19,,,Đã có sổ,Đất thổ cư,,
,1.9,"Đường tỉnh 420, Xã Bình Yên, Huyện Thạch Thất, Hà Nội",,81.0,23.46,,,Đã có sổ,Đất thổ cư,,
,5.6,"Phố Ngô Xuân Quảng, Thị trấn Trâu Quỳ, Huyện Gia Lâm, Hà Nội",,42.0,133.33,,,Đã có sổ,Đất thổ cư,,
Thanh Hà Cienco 5 Mường Thanh(KĐT mới Thanh Hà),7.5,"Kiến Hưng, Phường Kiến Hưng, Quận Hà Đông, Hà Nội",,100.0,75.0,,,Đã có sổ,Đất nền dự án,,
,3.2,"Đường Giáp Hải, Xã Đông Dư, Huyện Gia Lâm, Hà Nội",,35.0,91.43,,,Đã có sổ,Đất thổ cư,,
,5.5,"Đường An Dương Vương, Phường Đông Ngạc, Quận Bắc Từ Liêm, Hà Nội",,52.0,105.77,,,Đã có sổ,Đất thổ cư,,
,2.0,"5, Đường Gia Thượng, Phường Thượng Thanh, Quận Long Biên, Hà Nội",,316.0,6.33,,,Đã có sổ,Đất công nghiệp,,
,71.28,"quốc lộ 21a, Xã Thủy Xuân Tiên, Huyện Chương Mỹ, Hà Nội",,17820.0,4.0,,,Đã có sổ,Đất thổ cư,,
,3.9,"Đường Giáp Hải, Xã Đông Dư, Huyện Gia Lâm, Hà Nội",,40.0,97.5,,,Đã có sổ,Đất thổ cư,,
,0.7,"Đỗ Xuân Hợp , Phường Mỹ Đình 2, Quận Nam Từ Liêm, Hà Nội",,57.0,12.28,,,Đã có sổ,Đất thổ cư,,
,4.85,"Đường Đại Cát, Phường Liên Mạc, Quận Bắc Từ Liêm, Hà Nội",,58.0,83.62,,,Đã có sổ,Đất thổ cư,,
,17.5,"Phố Dương Khuê, Phường Mai Dịch, Quận Cầu Giấy, Hà Nội",,40.0,437.5,,,Đã có sổ,Đất thổ cư,,
,7.5,"Mỹ Nội, Xã Bắc Hồng, Huyện Đông Anh, Hà Nội",,125.0,60.0,,,Đã có sổ,Đất thổ cư,,
,12.8,"Đường Ngọc Thụy, Phường Ngọc Thụy, Quận Long Biên, Hà Nội",,75.0,170.67,,,Đã có sổ,Đất thổ cư,,
,17.53,"Đường Ngọc Thụy, Phường Ngọc Thụy, Quận Long Biên, Hà Nội",,82.0,213.78,,,Đã có sổ,Đất thổ cư,,
,1.9,"66, Thôn Nhân Lý, Xã Nam Phương Tiến, Huyện Chương Mỹ, Hà Nội",,200.0,9.5,,,Đã có sổ,Đất thổ cư,,
,1.49,"Giáp Long, Xã Thống Nhất, Huyện Thường Tín, Hà Nội",,47.0,31.7,,,Đã có sổ,Đất thổ cư,,
,2.484,"Đội 9, Xã Tự Nhiên, Huyện Thường Tín, Hà Nội",,92.0,27.0,,,Đã có sổ,Đất thổ cư,,
,5.9,"Đường Quang Tiến, Phường Đại Mỗ, Quận Nam Từ Liêm, Hà Nội",,50.0,118.0,,,Đã có sổ,Đất thổ cư,,
,5.9,"Đường Quang Tiến, Phường Đại Mỗ, Quận Nam Từ Liêm, Hà Nội",,50.0,118.0,,,Đã có sổ,Đất thổ cư,,
,10.2,"Nguyễn Văn Cừ, Phường Long Biên, Quận Long Biên, Hà Nội",,47.0,217.02,,,Đã có sổ,Đất thổ cư,,
,2.474,"A , Xã Phú Mãn, Huyện Quốc Oai, Hà Nội",,101.0,24.5,,,Đã có sổ,Đất thổ cư,,
,2.28,"Bình Minh, Xã Bình Minh, Huyện Thanh Oai, Hà Nội",,60.0,38.0,,,Đã có sổ,Đất thổ cư,,
,4.1,"bình minh, Thị trấn Trâu Quỳ, Huyện Gia Lâm, Hà Nội",,55.0,74.55,,,Đã có sổ,Đất thổ cư,,
